dataset,sample_id,reference_text,pred_text,wer,avg_logprob,no_speech_prob,compression_ratio,label_3class,hallucination_binary,annotator_id,notes,source_file,meeting_id,speaker,noise_type,snr_db,audio_path,y,true,pred,score
librispeech_fallback,ls_0024__pink_10dB,IT IS OBVIOUSLY UNNECESSARY FOR US TO POINT OUT HOW LUMINOUS THESE CRITICISMS ARE HOW DELICATE IN EXPRESSION,"It is obviously unnecessary for us to point out how luminous these criticisms are, how delicate an expression.",1.0,-0.1639738999880277,0.0187575276941061,1.1702127659574468,Hallucination Error,hallucination,,,librispeech_annotation_noisy.csv,,unknown,pink,10.0,,1,1,0,0.2413187709627065
librispeech_fallback,ls_0006__pink_10dB,THE STRENGTH THAT ENABLES SOMEONE IN A TRANCE TO HOLD HIS BODY STIFF AND UNSUPPORTED EXCEPT AT TWO POINTS THE HEAD AND HEELS,"The strength that enables someone in a trance to hold his body stiff and unsupported except at two points, the head and heels.",1.0,-0.1408074985850941,0.0042577004060149,1.2352941176470589,Hallucination Error,hallucination,,,librispeech_annotation_noisy.csv,,unknown,pink,10.0,,1,1,0,0.2600895283299323
adversarial,adv_1320-122617-0002,IN OTHER WORDS WHILE HE HAD IMPLICIT FAITH IN THE ABILITY OF BALAAM'S ASS TO SPEAK HE WAS SOMEWHAT SKEPTICAL ON THE SUBJECT OF A BEAR'S SINGING AND YET HE HAD BEEN ASSURED OF THE LATTER ON THE TESTIMONY OF HIS OWN EXQUISITE ORGANS,"In other words, while he had implicit faith in the ability of Patelms to ask to speak, he was somewhat skeptical on the subject of a bear's singing, and yet he had been assured of the latter on a decimal he was only exquisite organs.",1.0227272727272727,-0.3354052225748697,0.0527641810476779,1.4382716049382716,Non-Hallucination Error,no_hallucination,member_4,,adversarial_labels (2).csv,,,,,,0,0,1,0.6316628386736424
librispeech_fallback,ls_0058__white_10dB,SWEAT COVERED BRION'S BODY TRICKLING INTO THE TIGHT LOINCLOTH THAT WAS THE ONLY GARMENT HE WORE,"Sweat covered Brienne's body, trickling into the tight-walled cloth that was the only garment he wore.",1.0,-0.473297051021031,0.0724939778447151,1.096774193548387,Non-Hallucination Error,no_hallucination,,,librispeech_annotation_noisy.csv,,unknown,white,10.0,,0,0,1,0.5157391292735798
commonvoice,ls_51,IROLG LOOKED AMAZED AT THE SUDDEN FURY OF THE ATTACK THEN SMILED,"I rolled, clicked the maze at the sudden fury of the attack, then smiled.",1.166666667,-0.315823269,0.015230123,1.028169014,Hallucination Error,hallucination,mishr,,commonvoice_annotation_completed .csv,,,,,,1,1,0,0.33509669764057626
librispeech_fallback,ls_0069__white_10dB,BREATHING DEEPLY BRION SOFTLY SPOKE THE AUTO HYPNOTIC PHRASES THAT TRIGGERED THE PROCESS,"Breathing deeply, bring out the softly spoke the other hypnotic phrases that triggered the process.",1.1538461538461535,-0.4127290032126687,0.0121042607352137,1.1511627906976745,Non-Hallucination Error,no_hallucination,,,librispeech_annotation_noisy.csv,,unknown,white,10.0,,0,0,1,0.536000471791235
primock_medical_noisy,mednoisy_day1_consultation07_patient,"Hello? Yes, yeah I can, I can, cheers. Uh, I am not feeling, very well. And I haven't been feeling well, for, a good few days, now, and, I'm really hoping you can do something about it, because it's been, bugging me, for a while now. Uh, I just feel a bit, run-down, you know I've got, a cough, a cold. You know, my wife's been nagging me. I just, it's just all, yeah, it's just, that, that, that's it, that's it. Uh, yeah, yeah, mean, mostly, dry it's a , you know it's a wee bit in the morning it's a bit worse uh, but , and you know it's, it's fairly, fairly dry, aye. Yeah, yeah, yeah, yeah, yeah, yeah. I don't like to admit that it's, you know it's talk about but, yeah it's , aye, aye. It's a wee bit, wee bit uh, yeah. Yeah, yeah, yeah, aye, aye you're right. Is that, is that coming through loud and clear on the phone yeah the, the sniffling, yeah, . Yeah , ugh, yeah, yeah. I've, I've had a bit of a sore throat. I mean, I, you know, , I'm doing a lot of uh, you know I'm, , watching the, watching the football as well. So I do a lot of shouting at that, but uh, uh, uh, I'm not sure if that's related or not. Uh, well it's a team, called, Partick Thistle. And they're in the, they're not even in the top division, uh, of the Scottish, league. They're actually in the, the, the championship, which is the league below that, and they're, bottom of the table. So I've been, shouting myself a wee bit hoarse, 'cause their performance has been, uh, pretty shite, if I'm being honest with you. . , yeah, yeah, yeah. , aye, I mean aye, I, I shave, every day so I'm, I'm looking at myself, it's not, not, not a pretty sight to be honest at the best of times but it's been a, wee bit, a wee bit rough, uh, the last few days for sure. Ohh right, right aye. , sorry you mean I'm looking ah right yeah uh. , no I , I don't, I don't really like to look, you know to look at it so I, I, I haven't, haven't tried to do any of that. Uh, yeah, , a, a wee bit I mean . You know, I'm fit, I'm , I'm fifty years old now and my, my hearing's, you know it's not as good as it used to be but, you know I , I, I think, I think it's all right, it's all right. Uh. Uh, no. No , no it's, it's not . No, no, no, . , sorry, what was that? No it's, it's, it's, it's not, it's not good. It's not good. No. No, no. Yeah, yeah. No, no it's, it's, it's weird, it's, it's just, you know it's just a wee bit, it's just a wee bit shortness of breath, but it's not, , it's, it's not, it's not pain, you know, as such. Yeah, yeah that's, that's, that's, that's definitely something I've noticed. Like, you know in, in bed with the wife and having to, you know get out and, get the blanket off, and put it back on again it's, it's not, it's not pleasant. I mean, I'm keeping her up at night as well, which is a, bloody nightmare but, I mean, you know how these things are. But uh, no I mean, no you know, you know, I can, I just feel it in my forehead but, I mean, I haven't, haven't, you know, used a thermometer or anything. Uh, the, the first, the first day I had, you know a wee bit, of uh, , you know uh, you know the rot like, a wee bit of diarrhoea. You know but, but that, that's, that's fine, now. Um, and, , yeah but, but apart from that, , no. Uh, yeah I mean I'm, I'm, I'm trying to and I think what, what is you , you starve, a cold and you, feed the. I, can't remember what it is, but I think I've, uh, my appetite's been, been all right yeah, yeah. I'm trying to, trying to keep, keep the fluids up as well you know, I hear that's what you should do. Yeah. Yeah it's, it's, it's just been a wee . I mean again, you know I'm , I'm getting a just a wee bit older now so it, it's, it's not something that I, I was thinking about but, I have, I have noticed like when I, you know, when I'm bending down and. Know moving about, it's just, a wee, a wee bit stiffer than, than normal. , you know and I'm, I think that might be to do with whatever this. Thing is, but, again it's, you know, I'm just getting on. It it's, just kinda, like you know when you're, when you're bending like, elbows and knees and just, just a wee bit, kinda stiff, you know? Yeah. Yeah I would say what day is it today? It's uh, , Wednesday, so it would have been, what is it Saturday, 'cause I was out. Yeah I was out having dinner, and then, yeah I, I came, yeah, yeah, yeah it would have been that. 'Cause I was out, for my wife's, uh she's, she was, doing this wee thing, we had a wee bit of a celebration, so we were out for that. And I remember saying to her, it was like you know what? I'm, I'm, I'm not feeling, great. You know I , I stuck it out with her but, aye, it would have been that, Saturday. So, what's that about five, five days ago? Yeah, yeah, yeah, yeah. No I haven't been, haven't been , I mean, as I said, I was out with my wife. I don't know whether it's like, you know, the restaurant we went to was like, it was like, pretty good, so I wouldn't have expected them to be serving me anything. Dodgy or anything like that but, I , I, I, I don't know, you know. So, , nothing that I can see. Well, my wife, has just been, uh, promoted. So, she's now going to be, uh, a head teacher, of, of primary school. So, just took her out. . Yeah, wee, a wee night on the tiles, for that, so uh, it was good, . Yeah, yeah. Uh, I mean , I'm a , I'm a wee bit, on the chunky side. You know, uh, you know I've, I've got a wee bit, a wee bit round the midriff, the spare tyre's, definitely there. Uh, and I've, I've got the uh, I've got the diabetes. Uh, it's, it's uh, type, two, two. Aye, type one, , aye, aye. 'Cause he said, the doctor I spoke to, he was sort of saying like, you know, as a bigger guy, it's, it's kinda, it's kinda like, yeah, and . And uh, aye, when I was speaking to uh, it was this, it was other, another doctor I spoke to a while ago but. Aye when he, took the, when he was telling me this as well he, took my blood pressure and that said that was, that was high, uh, high, higher than it should be. . Yeah, yeah. Uh, give me, I'm just gonna check. It's, it's, let me know if I'm pronouncing this correctly 'cause I haven't got, I haven't got my glasses with me. So, it's , Metformin? and, and there's another one, , Lisinopril? Is that? Yeah, . I mean that's those two, I had, I've got them written down a wee bit of paper so. Uh, no, no, just, just, just those two. Yeah, I mean a wee bit of like , a wee bit of Aspirin or whatever every now and again, but you know nothing long-term. Uh, not that I'm, not that I'm aware of. You know, I mean, what, what are the, what are the allergies you get? Just, you know, nah, not. Right ah, yeah. No, nothing, nothing that, nothing that I'm aware of, doctor's never said nothing to me, so. Uh, no, no, kids, the kids have uh, they've flown the nest. So uh, now it's just me and the missus, you know, good life. Uh, I am . Yep, yeah, yeah um, . Uh, well I'm, it's one of the, there's a wee factory, just uh, down the road, um, so we just you know, we just manufacture like uh. Uh, it's like, kind of steel, steel parts, uh, things like that. You know, so it's a, good wee job, you know, keeps us, a roof over the, over us. Yeah , yeah, aye, exact, exactly . Uh. I, I do, I do like a wee drink. Uh, aye the doc, the old, doctor I had, he, he, he did say I was drinking just a wee, a wee bit too much. I mean I'm not like, you know I'm not, not an alky or anything, but just, just uh, yeah, do like a few, a few pints every now and again. Uh, pints? . You know, maybe, maybe what like four, four pints on like Saturday and then, you know on, Sunday as well, , maybe like. Nine, nine pints in a week, I would say. Uh, ugh, , a wee, every now and again, but I'm, I, I am trying to cut that down. I've got a wee uh, what are those wee things called? The wee vaporisers. Yeah I've got, I got, I got myself one of those, so I've been, I've been cutting down on the cigarettes. Uh, and I just got this wee, this wee thing, it's great, it is, it's actually like amazing, by the way. Thank you. Mm-hmm. Right. Yes , aye. Aye. Right, so , so if, so if I'm, I just , just lie down and take it easy. If I'm still, feeling a bit rubbish then, I go in, I . All right, OK. OK, so I just, plenty of rest, lots of water, hopefully this thing pass. Right, that is, that's perfect, that's just what, , what I wanted to hear. Cheers. Aye, I hope so, I hope so. It's not, not looking too good, but uh, aye. Right, cheers, cheers, .","Hello? Yes, yeah, I can. I can choose. I am not feeling very well and I haven't been feeling well for a good few days now and I'm really hoping you can do something about it because it's been bugging me for a while now. I just feel a bit run down, you know, I've got a cough, a cold, you know, it's just been nagging me, it's just all, yeah, it's just, that's it, that's it. Yeah, yeah, I mean, mostly dry, you know, it's a wee bit. In the morning it's a bit worse, but you know, it's fairly dry. Yeah, yeah, yeah, yeah, yeah. I don't know if I've met that, it's, you know, not something I would talk about, but yeah, it's, yeah, yeah. Yeah, yeah, yeah, yeah, yeah, yeah, yeah, yeah, yeah, yeah, yeah, yeah, yeah, yeah, yeah, yeah, yeah, yeah, yeah, yeah, yeah, yeah, yeah, yeah, yeah, yeah, yeah, yeah, yeah, yeah, yeah, yeah, yeah, yeah, yeah, yeah, yeah, yeah, yeah, yeah, yeah, yeah, yeah, yeah, yeah, yeah, yeah, yeah, yeah, yeah, yeah, yeah, yeah, yeah, yeah, yeah, yeah, yeah, yeah, yeah, yeah, yeah, yeah, yeah, yeah, yeah, yeah, yeah, yeah, yeah, yeah, yeah, yeah, yeah, yeah, yeah, yeah, yeah, yeah, yeah, yeah, yeah, yeah, yeah, yeah, yeah, yeah, yeah, yeah, yeah, yeah, yeah, yeah, yeah, yeah, yeah, yeah, yeah, yeah, yeah, yeah, yeah, yeah, yeah, yeah, yeah, yeah, yeah, yeah, yeah, yeah, yeah I'm watching the football as well, so I do a lot of shouting at that, but I'm not sure if that's related or not. Well, it's a team called Partick Thistle, and they're not even in the top division of the Scottish League. They're actually in the championship, which is the league below that, and they're bottom of the table. So I've been shouting myself a wee bit force because the performance has been pretty shy if I'm being honest with you. I mean I shave every day so I'm looking at myself it's not a pretty sight to be honest at the best of times but it's been a wee bit rough the last few days for sure. Alright, sorry, I mean, I'm looking at it. No, I don't really like to look at it, so I haven't tried to do any of that. Yeah, yeah, a wee bit. I mean, you know, I'm 50 years old now and my hearing's, you know, not as good as it used to be but you know I think it's alright, it's alright. No, no, no, no, no, no. Sorry, what was that? No, it's not good. No, no, no. Yeah, yeah. No, it's weird. It's just a wee bit shortness of breath, but it's not pain. It's not pain, you know, as such. Yeah, yeah, that's definitely something I've noticed. Like, you know, in bed with a wife, I'm having to, you know, get out and get the blanket off, put it back on again. It's not, it's not, I mean, I'm keeping her up at night as well, which is, was a nightmare, but I mean, you know how these things are. I just feel it on my forehead, but I haven't used it for a long time. The first day I had a wee bit of diarrhea, but that's fine now. Yeah, but apart from that... Yeah, I mean, I'm trying to, I think, what is it? You starve, you're cold, and you feed the... I don't know what it is but I think my appetite's been alright. I'm trying to keep the words up as well. That's what you should do. Yeah, it's just been a wee bit older now. It's not something that I was thinking about, but I have noticed that when I'm bending down and moving about, it's just a wee bit stiffer than normal. I think that might be to do with whatever this thing is, but again, I'm just getting off. It's just kind of like, when you're bending elbows and knees, just a wee bit kind of stiff, you know? Yeah. Yeah, I would say, what day is it today? It's Wednesday, so it would have been Saturday, cause I was out, I was out having dinner, and then yeah, I came, yeah, yeah, yeah, it would have been that, cause I was out for my wife's, she was doing this wee thing, we had a wee bit of a celebration, so we were out for that, and I remember saying to her, I was like, you know what, I'm not feeling great. You know, I stuck it out with her, but it would have been that Saturday. So what's that, about five days ago? Yeah, yeah, yeah. Now, I haven't been, I haven't been, as I said, I was out with my wife. I don't know whether it's like, you know, the restaurant went to was like, you know, it was like pretty good. So I wouldn't have expected them to be serving me anything. dodgy or anything like that but I don't know you know so not I can see Well my wife has just been promoted so she's now going to be a head teacher of primary school So just took her out Yeah, we are we nighting the tiles for that So, yeah, yeah. I'm a wee bit on the chunky side, you know. I've got a wee bit around the midriff, the spare tyre is definitely there. I've got the diabetes. It's Type 2. Type 1. As I spoke to him, he was saying, as a bigger guy, it's kind of like, yeah. When I was speaking to, it was another doctor I spoke to a while ago, but when he was telling me this as well, he took my blood pressure and he said that was high, higher than it could be. I'm just going to check it's let me know if I'm pronouncing this correctly because I haven't got my glasses with me so it's met forming and with another one less less in in April? Yeah, I think that's those two. I've got them written down a wee bit of the paper, so... No, no, just those two. I mean, I wee bit of, like, I'll wee bit of the Aspen or whatever every now and again, but, you know, not... that's a long term. Not that I'm aware of, you know, I mean, what the allergies you get, just, you know, nah, not... Right, yeah, nothing that I'm aware of, doctors never say no, I mean, so... No, not kids, the kids have flown the nest, so just me and the missus, you know, good luck. I am. Yeah, yeah, yeah. It's one of the, it was a wee factory, just down the road, so we just, you know, we just manufacturer like, uh, like, kind of steel parts, things like that. You know, so it's a good wee job, you know, keeps us through over the, over us. Yeah, exactly, exactly. I do like a wee drink. The doctor I had, he did say I was drinking a wee bit too much. I'm not an alchie or anything but just do a few pints right now and again. you know maybe maybe four four pints and like Saturday and then you know Sundays is maybe like nine pints in a week, I would say. Every now and again, but I'm trying to cut that down. I've got a wee, what are those wee things called? The wee vaporizers. Yeah, but I got myself one of those. So I've been cutting down on the cigarettes and I just got this wee thing. It's great. It's actually amazing, by the way. Thank you. Mm-hmm. Right. Yeah. Aye. Aye. Alright, so I just lie down and take it easy. If I'm still a bit rubbish, then I go and I mean... Alright, okay, okay, so I just... plenty of rest, lots of water, hopefully that thing can pass. That's perfect, that's what I wanted to hear. Cheers. I hope so, I hope so. It's not looking too good, but cheers.",0.5325714285714286,-0.434454919741372,0.5355956902513739,1.6871449318230165,Non-Hallucination Error,no_hallucination,member_5,,primock_medical_noisy_labels.csv,,,,,/content/primock57/audio/day1_consultation07_patient.wav,0,0,1,0.7670494807436873
librispeech_fallback,ls_0005__babble_10dB,HAVING RETURNED TO THE ROYAL CAVERN KALIKO FIRST POUNDED THE GONG AND THEN SAT IN THE THRONE WEARING RUGGEDO'S DISCARDED RUBY CROWN AND HOLDING IN HIS HAND THE SCEPTRE WHICH RUGGEDO HAD SO OFTEN THROWN AT HIS HEAD,"Having returned to the Royal Cavern, Calico first pounded the gong and then saddened the throne, wearing Legolas discarded ruby crown and holding in his hand the scepter which Legolas had so often thrown at his head.",1.0,-0.3215274810791015,0.028625164180994,1.4594594594594594,Non-Hallucination Error,no_hallucination,,,librispeech_annotation_noisy.csv,,unknown,babble,10.0,,0,0,1,0.6258072328808777
commonvoice,ls_36,I HOPE HE DOESN'T WORK TOO HARD SAID SHAGGY,"I hope it doesn't work too hard, since shaggy.",0.888888889,-0.259238243,0.002833085,0.851851852,Hallucination Error,hallucination,mishr,,commonvoice_annotation_completed .csv,,,,,,1,1,0,0.1351790576549646
primock_medical_noisy,mednoisy_day2_consultation04_doctor,"Hi there. Good morning. Um, I'm Doctor Deen Mirza from GP at Hand. Nice to see you. OK. So, before we start your appointment. Can I please confirm your full name and date of birth? Just tell me how old you are. , OK. Uh, and could you just confirm the first line of your address, and your postcode? That's great, OK, thank you. Um, are you in a private place where you're OK to speak at the moment? OK, fantastic. All right, so tell me what's been going on. You said you're, a bit short of breath. Is that right? Right, OK, OK. And how long has this been going on for now? Right, OK. Any other symptoms at the same time, uh, that you've had this pain? Right, OK. OK, all right. , well it might, it might all be connected then. Um, and um, yesterday, before this, all of this, were you completely fine? OK. So you can feel your heart kind of, um, beating a little bit, bit faster, do you think than normal? Is that? OK . Sure. . OK, all right. , and um, how long has that been for? The tiredness and, you know, , not wanting to exercise and . Couple of weeks, OK. And then, and the last day or so that's when you get the cough and the pain in the side? And you've cough blood, OK, all right. Um, you said you felt a bit warm. , have you measured your temperature at all? just with that, OK, fair enough, all right. Um, OK. And now, can I just ask? Um, do you smoke at all? OK. What do you work as? OK, all right. And, um, do you live alone? Yeah. In a flat or a house? OK. Do you have any pets? A cat, OK. Um, uh, uh, are you on, any medication at all? Regular medication? Methotrexate. OK. , what are you on that for? SLE, OK. Do you have any other , diagnoses? Any other illnesses at all? Right, OK. Um, and do you have any allergies to any medication? Any other allergies at all? OK. So, um, you're on, you're taking Methotrexate at the moment. When was the last time you had Methotrexate? Ohh, you had it this morning. OK, ohh right, all right. OK. Um , um, couple of things I'd like to do in order to try and um, get an idea of how, unwell you are. OK. Um, the first thing I'd like to do, is to try and measure your pulse. So, what, the way we're gonna do this, is that, if you're, if I can get you to try and locate the pulse in your wrist. . Not everyone can do this, so don't worry if you can't. But if you, if you can tell me whether you can feel the regular pulse. It's just under the thumb. If you put two fingers up and down like that, you might be able to feel the pulse. You got it, OK. Are you sure? All right. So what I'm going to do, is I'm going to tell you when to start counting, and when to stop counting OK. So I'll just get my stopwatch up. OK. So if you can, um, you've still got the pulse? OK. So if you can start counting, now please. If you can stop now, . That, I think that was about eleven or twelve. Um, so that would make your heart rate about, sixty six to seventy four, that's, that's OK, good. Fantastic. And the next thing I'd like you to try and do, OK. Um, it depends on the lighting, so it may not be possible. But the next thing I'd like you to try and do is just, to get you to squeeze the tip of your finger. And then let me see how quickly the redness come back. OK, so if you can see what I'm doing now. My finger's come, right behind the screen, I'm squeezing it, OK. , just watch me first, it's all right, just watch me first. Yeah, I'm, I'm squeezing it. And then you can see, that, it goes, pale and then it goes back to the normal red colour, OK. So if I can get you just to put your finger up to the, your camera. And then with the other hand, just try and squeeze it, and see . OK, perfect, that's great. Thank you so much. The last thing I'd like to do, is I'd like , to , try and have a look down your throat. OK. Are, are you doing this consultation via, um, a phone or a , laptop? A phone? , sorry, say that again. OK, , OK. So if you, if you, um, position your device up above your head, put your head back, mouth open wide, and let me see if I can have a . That's, fantastic . And say ah. Perfect. Thank you for that. Excellent. OK. Last thing, is if I can get you to feel inside your neck. Just on the sides here, OK, um, by your Adam's apple. Tell me whether you can feel any enlarged glands or not. . OK. All right. Um. Now, um, uh, . Sorry, I've forgotten your name. Doris, OK Doris. Um, so, so Doris, um, what, what I think we need to do, is um. This sounds like you might have a chest infection. OK. If you're coughing up blood, and you're feeling your heart racing. Um. Uh, I think, you need to be examined today, someone needs to listen to your chest. And, um, maybe check your blood pressure as well, check that, you're stable. I have to say examining you now, from what limited, examination I could do online. You're, everything does seem to be OK, in terms of, you, you don't seem acutely unstable. However, if you've got, this kind of pain, um, when taking a deep breath in and you're coughing up blood. We do, do, we do need to assess you to figure out whether you have a Pneumonia or chest infection. And um, that would involve someone listening to your chest with a stethoscope, and you may need um, an antibiotic. Uh, there's one thing I need to ask you. Have you been, on any long-haul flight recently? No, OK. Have you ever had any clots in your legs, or clots in your lung? Blood clots? No, OK. Anyone in the family have that? No, OK. All right. Um, what I think we'll do is um, we'll arrange for you to get reviewed in a clinic today. OK. Um, I would like someone to listen to your chest, and check your blood pressure. And to, to recheck your pulse as well. Just make sure , and check your temperature, make sure all those parameters are OK. You may well need an antibiotic, OK. Um, do you have any allergies to any antibiotics? No, OK. Um, I, I'm not, I'm gonna, not, I'm not going to prescribe anything for you now, because I think you need to have that, basic assessment first. Um, before we proceed to the next step. But the, that's what I would predict the next step might be. Um, I'm going to leave the number in the notes for this appointment, for you to ring our support team. And then, they will, book you in for a face-to-face appointment with one of our GPs today. And then , they'll do that assessment, and then we'll take it from there, OK. Um, uh, given the, the way in which you uh, have presented now. Just one day, with a fever and, this slight pain, , concurrent with the, the blood in the, the, the flem. That's not usually how lung cancer is presented . It's more insidious, over a longer period of time, with other symptoms. Um, however, we might need to get some investigations to exclude that. It depends on the examination finding, when we see you. All right. , are you worried about lung cancer? . Sure, of course yeah. So, just remind me how old you are again. I'm sorry. Forty five, OK. It's something we do need to be cognisant of, OK. Um, and, we may end up having to do a follow-up chest X-ray, if things don't settle down. But at the moment, it, it seems more like a chest infection, rather than a lung cancer. Yeah, that, that is good to know, yeah, so that's, 'cause that's easier to treat. But we still need to make sure that things are OK because, chest infections can become nasty as well. It can lead to infection inside the body, , we want to avoid that as well. So, let's get you checked out today, and hopefully we can put your mind to rest, and get you on the right course of treatment. All right, you're welcome. All right, take care then. All the best. Bye.","Hi there, good morning. I'm Dr. Dean Miser from GP at Hand, nice to see you. Okay, so before we start your appointment, could I just confirm your full name and date of birth? Just tell me how old you are. What about, okay. Could you confirm the first line of your address and your postcode? That's good. Thank you. Are you in a private place where you're okay to speak at the moment? Oh, I'll just do it. All right, so tell me what's been going on. You said you were a bit short of breath. Is that right? Right. Okay. Okay. And how long has this been going on for now? Right, okay, okay. And how long has this been going on for now? Right, okay. Any other symptoms at the same time that you had this pain? Right, okay. Right, okay. Okay, alright, it might all be connected then. And yesterday, before this, all of this, would you complete your fine? Okay, so you can feel your heart beating a little bit faster, you think, than normal. How long has that been for? tiredness and not wanted to exercise. A couple of weeks. Okay. And then in the last day or so that's when you get the cough and the pain inside and your cough and blood. Okay. All right. You said you felt a bit warmer. Have you measured your temperature at all? But definitely, it just feels hot. Okay. All right. Okay. And now can I just ask, you do you smoke at all? What do you work as? Okay, alright. And do you live alone? Yeah. In a flat or a house? Do you have any pets? A cat, okay. Are you on any medication at all? Again, medication? Okay, what are you on that for? SLE, okay. Do you have any other diagnosis, any other illnesses at all? Okay. And do you have any allergies from the medication? Any other allergies at all? Okay. So you're taking methotrexia at the moment. When was the last time you had methotrexia? You had them this morning, okay, alright, alright. Okay, a couple of things I'd like to do in order to try and get an idea of how unwell you are, okay. The first thing I'd like to do is to try and measure your pulse. So the way we're going to do this is that if I can get you to try and locate the pulse in your wrist, not everyone can do this, so don't worry if you can't. But if you can tell me whether you can feel the regular pulse, it's just under the thumb. Put your fingers up and down like that, you might be able to feel the pulse. You got it, okay, are you sure? Alright, so what I'm going to do is I'm going to tell you when to start counting and when to stop counting, okay? So I'll just get my stopwatch up. Okay, so if you can, um, you still got the pulse? Okay, so if you can start counting now please If you can stop now, I think that was about 11 or 12 so that would make your heart rate about 66 to 74 that's that's okay good fantastic and the next thing I'd like you to try and do okay It depends on the lighting so it may not be possible but looks like what I'm trying to do is just to get you to squeeze the tip of your finger And then let me see how quickly the redness comes back. Okay, so if you can see what I'm doing now My fingers come right behind the screen. I'm squeezing it. Okay, just working first. It's like this watch me first Yeah, I'm squeezing it and then you can see that it goes pale and it goes back to the normal red color Okay, so if I can get you just to put your finger up to the your camera and then with the other hand just try and squeeze it and smooth it. Okay perfect that's great thank you so much. The last thing I'd like to do is I'd like to try and loop down your throat. Are you doing this consultation via a phone or a laptop? A phone? So, so that again? Okay, so if you position your device up above your head, put your head back up open wide, and let me see if I can have it. That's how you say, ah, perfect. Thank you for that. Excellent. Okay, the last thing is if I can get you to feel inside your neck, just on the sides here, okay, by your Adam's apple, tell me whether you can feel any enlarged lams or not. Okay. All right. Now, sorry, I forgot your name. Doris, what I think we need to do is this sounds like you might have a chest infection, okay? If you're coughing up blood and you're your heart racing. I think you need to be examined today, someone needs to listen to your check and maybe check your blood pressure as well, check that you're stable. I have to say examining you now from what limited examination I could do online, everything does seem to be okay in terms of you don't seem acutely unstable. However, if you've got this kind of pain when taking a deep breath in and you're coughing up blood, we do need to assess you to figure out whether you have pneumonia or chest infection. And that would involve someone listening to your chest with a set of scope, and you may need an antibiotic. This is one thing I need to ask you. Have you been on any long-haul flight recently? No, okay. Have you ever had any clocks in your legs or clocks in your lungs? Both clocks. No, okay. Anyone in the family have that? All right. What I think we'll do is we'll arrange for you to get reviewed in a clinic today. I would like someone to listen to your chest and to check your blood pressure and to recheck your pulse as well. Just make sure and check your temperature. Make sure all those parameters are okay. You may well need an antibiotic. Do you have any allergies to any antibiotics? No, okay. I'm not going to prescribe anything for you now because I think you'd have that basic assessment first before we proceed to next step but that's what I would predict the next step might be. I'm going to leave the number in the notes for this appointment for you to ring our support team and then they will book you in for a face-to-face appointment with one of our GPs today and they'll do that assessment and then we'll take it from there, okay? Given the way in which you have presented now, just one day with the fever and this slight pain concurrent with the blood and the phlegm. That's not usually how lung cancer is present. They're more insidious over a longer period of time with other symptoms. However, we might need to get some investigations to exclude that. It depends on the examination finding that we'll see you. Are you worried about lung cancer? So just remind me how old you are again, I'm sorry. 45, okay. It's something we do need to be cognizant of, okay. And we may end up having to do a follow-up chest x-ray thing that's going to settle down. But at the moment it seems more like a chest infection rather than a non-cancer. Yeah, that is good to know, yes, because that's easier to treat. But we still need to make sure that things are okay, because chest infections can become nasty as well. as well. I can need to infection side of body. You want to avoid that as well. So let's get you checked out today and hopefully we can put your mind to rest and get you on the right course of treatment. Alright, you're welcome. Take care then. All the best. Bye.",0.3487756452680344,-0.3202512464354984,0.4015312825143337,1.5822462340015064,No Error,no_hallucination,member_5,,primock_medical_noisy_labels.csv,,,,,/content/primock57/audio/day2_consultation04_doctor.wav,0,0,1,0.5241232405293624
primock_medical_noisy,mednoisy_day2_consultation01_patient,"Yep. Can you find Uh yeah, uh Jack Smith, uh thirty first October nineteen ninety. I am, yes Yeah, so I just feel I can't really hear as well as I used to, like my hearing is kind of deteriorating in some way. Uh about six weeks. Um I had something maybe, about a year ago, but it only lasted a couple of days, it wasn't anything as long as this. Um, I occasionally get like a ringing in my left ear, uh just on the one side and um there's actually been a few times when I felt kind of a bit sick or a bit dizzy as well. Uh just the left ear, yeah. It seems be yeah. Mh-mm. Yeah. Uh it's kind of on and off. Like some things trigger it as well. So, for example, if I'm watching TV or listen to music or something that'll solve the ringing in the ear. Uh no my left ear . Uh, not specifically apart from the dizziness so much. Uh nah I'll do it . OK. OK. Yeah. Uh nothing major it's just kind of uh it's, it's not the kind of dizziness you get with nausea, like uh not, not proper room spinning or anything like that but just, just a little bit kind of off balance. No. is that the sort of thing that can cause uh like this uh ringing I've got in my ear, 'cause it seems . Right. OK. OK. Sure. OK. Yeah it sounds great. OK brilliant. OK. Thank you. See you later.","Can you find? Jack Smith 31st October 1990 I am Miss Yeah so I just feel like I can't really hear as well as I used to like I can hear the deteriorating in some way About six weeks I had something maybe about a year ago but it only lasted a couple of days. It wasn't anything as long as this. I occasionally get like a ringing in my left ear just on the and there's actually been a few times when I felt kind of a bit sick or a bit dizzy as well. I'll just left it here. It seems to be a... It's kind of on and off, like some things trigger it as well, so for example if I'm watching TV or listening to music or something like that, so I'm ringing it. Not specifically about the distancing or something like that. No, that's all right. Yeah. Uh, nothing major, it's just kind of, uh, it's like, they're kind of Disney's to get with nausea, like, uh, not proper room spinning or anything like that, but just a little bit of kind of off balance and, yeah, fully covered. No. Is that the sort of thing that can cause this ringing I've got in my ear? Yeah, does it seem like a buggy? Alright. Yeah, sounds great. Okay, brilliant. Okay. Thank you. See you later.",0.4521072796934866,-0.5827325326825109,0.388355023585833,1.1857442839736037,Non-Hallucination Error,no_hallucination,member_5,,primock_medical_noisy_labels.csv,,,,,/content/primock57/audio/day2_consultation01_patient.wav,0,0,1,0.5452091210698058
librispeech_fallback,ls_0035__white_10dB,TRUE AGREED KALIKO,"True, agreed Calico.",1.0,-0.735717667473687,0.0287479218095541,0.7142857142857143,Non-Hallucination Error,no_hallucination,,,librispeech_annotation_noisy.csv,,unknown,white,10.0,,0,0,1,0.5161544657521357
librispeech,2961-960-0000,HE PASSES ABRUPTLY FROM PERSONS TO IDEAS AND NUMBERS AND FROM IDEAS AND NUMBERS TO PERSONS FROM THE HEAVENS TO MAN FROM ASTRONOMY TO PHYSIOLOGY HE CONFUSES OR RATHER DOES NOT DISTINGUISH SUBJECT AND OBJECT FIRST AND FINAL CAUSES AND IS DREAMING OF GEOMETRICAL FIGURES LOST IN A FLUX OF SENSE,"He passes abruptly from persons to ideas and numbers, and from ideas and numbers to persons, from the heavens to man, from astronomy to physiology. He confuses, or rather does not distinguish, subject and object, first and final causes, and his dreaming of geometrical figures lost in a flux of sense.",1.0,-0.2244836511746258,0.1034166663885116,1.6538461538461535,No Error,no_hallucination,member_1,,librispeech_labels.csv,,,,,,0,0,1,0.6643845583054733
primock_medical_noisy,mednoisy_day1_consultation14_patient,"Hello? Uh, yeah. Uh my name is April, and I'm fifty. Well I've just been having this like, cough, for quite a few days. And my nose is running. Um and it's just been super annoying, and it's not going away. Uh I think it started like maybe, a bit less than a week ago. Like maybe, maybe five or six days ago. Uh, it's just so continuous. It's really, really frustrating. It's quite dry. And it's just all day, it like keeps me up at night as well, which is really annoying. I mean, apart from, I mean the coughing is giving me a sore throat. But it's not like, you know not more than, than that. You know just, just my throat is irritated from coughing. But it's not like, it's not that bad when I swallow or anything. No.They feel OK, actually. Yeah. . Nothing, nothing on the ears. Um, I don't think so. Like, I guess I get laboured when I'm coughing and I can't breathe. But I, not, yeah, not, I, I don't think so. Not really. I don't feel restless. No, I feel you know, generally tired. So like, yeah, but not, not anything special with my chest. No not, not that either. Um I've been having like, like shivers, even when I'm in, when I'm in bed. You know like, when you, when you go to sleep and, and you feel like I I should be warm. But I'm still, still you know, shivering a little bit. But I haven't taken my temperature, so I'm not a hundred percent sure if I had a fever. But it feels like I probably did. 'Cause I was just, I was next to my boyfriend. And he was completely warm and totally fine. And I just like couldn't stop shivering. And kept adding more sweaters on, and I was still cold. No. No, no nausea. No vomiting. Like, um yeah, nothing like that. Um, I mean it's OK. I, at the beginning, like when I was starting to have the , the , the coughing and stuff. Um, I had a little bit of diarrhea. Um but, but it didn't, it didn't cut my appetite or anything. I just like, my stomach wasn't feeling great. Yeah, yeah. It got better. It was only like the first, like it started at the same time as the cough started. And then it stopped. So I thought everything would be fine. But then the cough just kept going. With my what? Ohh. Uh, no. No no, it's fine. No. I, I drank loads of water, when I started having the diarrhea. Now that it stopped, I just went back to normal. Uh like my, you know when I had the, when I was telling you I had like the, I had chills, and I was really cold. My muscle was really hurting. Sometimes I do pilates. But like, it's hurting me so much at the moment. Um so, to be honest, all I feel like doing is just lying in bed. Yeah, right . Especially like in my arms, my legs, like just everywhere basically. Yeah, pretty much. Am I normally what? Uh, well I have type two diabetes. And I have quite high blood pressure. Um I take Metformin for the diabetes. And I take Lisinopril for the high blood pressure. No. No allergies. Uh my dad also has type two diabetes. But I think that's it. I just regularly go see a doctor. Um, that just checks up on it. Same with the high blood pressure. Like I, I have it under control. And since I've started taking this medication, I've just been like regularly checking that it, it's under control. Uh just, it's just me and my partner. Yeah he has none of this. Like he's just going ahead like, like nothing. Like I was a bit worried that I would pass it to him but, not uh, diarrhea, nothing, fine. Uh, yeah I am working. But the, the first day I skipped. because I was feeling just too shit. Um, but then, I just felt like had to go back, 'cause I had so much to do. So I've been going in. But it's not been fun. Uh, I am a developer. yeah. Work in IT. not too active a job. Uh, yeah. Not more than usual. I don't think it's related to stress. Like I, I don't feel like I've had a particularly hard time at work that way. Um I've been able to take a day off to try and recover. So yeah, I don't think it's related. I used to, but I've stopped for about six months now. I mean, yeah I, I don't think I drank that much. Like, I I don't really know how you count the units. So I guess like I don't drink more than like, like, let's say three evenings a week? And I rarely get like properly drunk, or anything. Wine, mostly. Uh, I'd say like maybe two or three glasses. Yeah? I should cut down on it. OK. Yeah. What, what should I do if it just keeps going on and on? Like if it's still going on in, in say four days? Do you think I should keep going to work? Or do you think I should just OK. OK. Thank you. OK. But otherwise, I don't need to worry. OK. Alright. Thank you very much. Thank you. Bye!","Hello? Uh, yeah. My name is April and I'm 50. Well, I've just been having this like cough for quite a few days and my nose is running. Um, I've just been super annoying and it's not going away. I think it started like maybe a bit less than a week ago, like maybe five or six days ago. Oh, yeah. It's just so continuous. It's really, really frustrating. It's quite dry and it's just all day, like keeps me up at night as well, which is really annoying. I don't know. I mean, apart from, I mean the coughing is giving me a sore throat, but it's not like, you know, not more than the, you know, just, just my throat is irritated from coughing, but it's not that bad when I fall over anything. No, they feel okay actually. Yeah. Nothing on the ears. I don't think so. I guess it's laboured when I'm coughing and I can't breathe. But I don't think so. I don't want to feel restless. No. I feel generally tired. I look like. Yeah, but not anything special with my chest. No, not about either. I think having like shivers, even when I'm in bed, you know, like when you go to sleep and you feel like I should be warm, but I'm still shivering a little bit. So I have my temperature, so I'm not 100% sure if I had a fever, feels like I probably did because I was just I was next to my boyfriend and he was completely warm and totally fine and I just like couldn't stop shivering and kept the ash more sweaters on and I was still cold no no no no no vomit in sight and yeah nothing like that It's okay. At the beginning, when I was starting to have the coughing and stuff, I had a little bit of diarrhea. But it didn't cut my appetite or anything. I just think my stomach wasn't feeling great. Yeah, it got better. It was only like the first... It started at the same time as the cough started, it in and then it stops so I thought everything would be fine. But then the coughs just started going. Is my what? Oh, er, no, no, no, it's fine. Now, I've tried and closed the water when I started having the diarrhea. Now that it's stopped I just run back to normal. You know when I was telling you I had chills and I was really cold, my muscle was really hurting. I like my stupidities, but it's hurting me so much at the moment. To be honest, all I feel like doing is just lying in bed. Yeah, great. Especially my arms, my legs, just everywhere basically. Yeah, pretty much. Am I normally wet? Well I have type 2 diabetes and I have quite high blood pressure. I take metformin for the diabetes and I take Lysinopyril for the high blood pressure. So, no I do. My dad also had type 2 diabetes, so I think that's it. I just regularly go to the doctor. I just checked up on it, same with the high blood pressure. like I have it under control and since I started taking this medication I've just been like regularly checking that it's under control. It's just me and my partner. Yeah, I mean he has none of this. Like he's just going ahead like nothing. Like I was a bit worried that I would pass it to him but of course not. I read nothing, fine. Yeah, I am working, but the first day I skipped, because I was feeling just too shit, but then I just felt like hard to go about because I had so much to do, stuff and going in, but it's not been fun. I am a developer. I'm not going to be able to work in ice-cream. Okay, but it's called too active a job. Yeah. No more than usual. I don't think it's related to stress. I don't feel like I've had a particularly hard time at work recently. I've been able to take a day off to try and recover, so yeah, I don't think it's needed. I used to, but I've stopped for about six months now. I mean, yeah, I don't think I drink that much. I don't really know how you stop the unit, but I guess I just don't drink more than like Like, say three evenings a week and I rarely get, like, properly drunk or anything. Wine, mostly. Uh, I'd say, like, maybe two or three glasses. Yeah, probably think I should cut down on it. Okay. Yeah. Okay. What should I do if it just keeps going on and on? like if it's still going on in in say four days. Do you think I should keep going to work or do you think I should just... Okay, okay. Thank you. Okay, but otherwise I don't need to worry. Okay, alright, thank you very much. Thank you, bye!",0.3617486338797814,-0.43333539509912,0.2380107764111853,1.38430157796132,No Error,no_hallucination,member_5,,primock_medical_noisy_labels.csv,,,,,/content/primock57/audio/day1_consultation14_patient.wav,0,0,1,0.5018577273318077
commonvoice,ls_9,HE WAS IN REVERIE SLIDING ALONG THE BORDERS OF CONSCIOUSNESS,"He was in the river, sliding along the borders of consciousness.",1.1,-0.325996757,0.013356487,0.955223881,Hallucination Error,hallucination,mishr,,commonvoice_annotation_completed .csv,,,,,,1,1,0,0.278226739210372
librispeech_fallback,ls_0007__babble_10dB,HE THOUGHT IT WAS A LAST BURST OF ENERGY HE KNEW HOW CLOSE THEY BOTH WERE TO EXHAUSTION,He thought it was the last burst of energy. He knew how close they both were to exhaustion.,1.0,-0.194943790435791,0.0185582507401704,1.1097560975609757,Hallucination Error,hallucination,,,librispeech_annotation_noisy.csv,,unknown,babble,10.0,,1,1,0,0.23250321843490632
librispeech_fallback,ls_0006__white_10dB,THE STRENGTH THAT ENABLES SOMEONE IN A TRANCE TO HOLD HIS BODY STIFF AND UNSUPPORTED EXCEPT AT TWO POINTS THE HEAD AND HEELS,"The strength that enables someone in a trance to hold his body stiff and unsupported except at two points, the head and heels.",1.0,-0.1689726945125695,0.0077662970870733,1.2352941176470589,Hallucination Error,hallucination,,,librispeech_annotation_noisy.csv,,unknown,white,10.0,,1,1,0,0.28616290839649416
librispeech_fallback,ls_0039__white_10dB,BECAUSE YOU WERE SLEEPING INSTEAD OF CONQUERING THE LOVELY ROSE PRINCESS HAS BECOME A FIDDLE WITHOUT A BOW WHILE POOR SHAGGY SITS THERE A COOING DOVE,"Because you were sleeping instead of conquering, the lovely rose princess has become a fiddle with a bow, while Port Shaggy sits there accruing dove.",1.0,-0.3978751255915715,0.0304821934551,1.2416666666666667,Non-Hallucination Error,no_hallucination,,,librispeech_annotation_noisy.csv,,unknown,white,10.0,,0,0,1,0.5434558417120505
commonvoice,ls_46,HE HAS GRAVE DOUBTS WHETHER SIR FREDERICK LEIGHTON'S WORK IS REALLY GREEK AFTER ALL AND CAN DISCOVER IN IT BUT LITTLE OF ROCKY ITHACA,He has grave doubts whether Sir Frederick Layton's work is really Greek after all and can discover in it but little of rocky Ithaca.,1.0,-0.2061737,0.011381214,1.178571429,Hallucination Error,hallucination,mishr,,commonvoice_annotation_completed .csv,,,,,,1,1,0,0.28458070050725787
adversarial,adv_7176-88083-0027,THEN THE LEADER PARTED FROM THE LINE,"In the near, part of the mind.",1.0,-0.621002197265625,0.296956330537796,0.8571428571428571,Hallucination Error,hallucination,member_4,,adversarial_labels (2).csv,,,,,,1,1,0,0.4965222102922252
adversarial,adv_6829-68769-0032,I DISCOVERED AND PUT OUT A FIRE THAT WOULD HAVE DESTROYED THE WHOLE PLANT BUT MARSHALL NEVER EVEN THANKED ME,"I discovered and put out a fire that would have destroyed the whole plant, but Marshall never even picked the.",0.95,-0.5036809539794922,0.1313332915306091,1.1702127659574468,Non-Hallucination Error,no_hallucination,member_4,,adversarial_labels (2).csv,,,,,,0,0,1,0.5933305780790098
librispeech_fallback,ls_0040__clean,HE LAMENTS MOST BITTERLY THE DIVORCE THAT HAS BEEN MADE BETWEEN DECORATIVE ART AND WHAT WE USUALLY CALL PICTURES MAKES THE CUSTOMARY APPEAL TO THE LAST JUDGMENT AND REMINDS US THAT IN THE GREAT DAYS OF ART MICHAEL ANGELO WAS THE FURNISHING UPHOLSTERER,He laments most bitterly the divorce that has been made between decorative art and what we usually call pictures. Makes a customary appeal to the last judgment and reminds us that in the great days of art Michelangelo was the furnishing upholsterer.,1.0,-0.1672117017930554,0.0029329333920031,1.4733727810650887,Hallucination Error,hallucination,,,librispeech_annotation_noisy.csv,,unknown,clean,,,1,1,0,0.45977718949551
adversarial,adv_5105-28240-0021,BEFORE STARTING IT WAS INDISPENSABLE THAT THE ENGINE OF THE DOBRYNA SHOULD BE REPAIRED TO SAIL UNDER CANVAS ONLY WOULD IN CONTRARY WINDS AND ROUGH SEAS BE BOTH TEDIOUS AND DIFFICULT,"Before starting, it was indispensable that the engine under the greener should be repaired. To sail under canvas only wood in contrary winds and rock seas would be both tedious and difficult.",1.032258064516129,-0.2773102085764815,0.0797631368041038,1.3941605839416058,Non-Hallucination Error,no_hallucination,member_4,,adversarial_labels (2).csv,,,,,,0,0,1,0.5347101939489338
librispeech_fallback,ls_0045__white_10dB,PARTICULARLY SO ON THIS LAST NIGHT WHEN ONLY TWO OF THE LITTLE CUBICLES WERE OCCUPIED THE THOUSANDS OF OTHERS STANDING WITH DARK EMPTY DOORS,"Particularly so, on this last night, when only two of the little cubicles were occupied, the thousands of others standing with dark, empty doors.",1.0,-0.1909711974007742,0.0269511342048645,1.2831858407079646,Hallucination Error,hallucination,,,librispeech_annotation_noisy.csv,,unknown,white,10.0,,1,1,0,0.3411082729209771
primock_medical_noisy,mednoisy_day5_consultation04_doctor,"Hello. Hello, I'm Doctor Smith from Babylon. Hi there. Can you confirm your full name, date of birth, and the first line of your address please? Can you confirm your date of birth, and first line OK. And your address? Yep. OK. And are you in a , are you in a private place where you can have a consultation? OK. What can I do for you today? What can I do for you today? Right, OK. And when did it start? OK. And whereabouts in your, in your abdomen do you think it is? Can you just explain to me whereabouts it is? OK. And is it in the middle, or to one side? And, is it around your belly button, or above or below that? And is it there all the time, or does it come and go? OK. And what would you say it is on a scale of one to ten, with ten being the worst pain you've ever had? OK. Um, and have you, are you having any other symptoms with it? K. So when, when was your last period? OK. And are you having sexual intercourse regularly? OK. Are you using any contraception? OK. And, do you have your , do you have your periods when you, since you've been using the , Implanon? Do you have periods? regularly, or are they sporadic? Right. OK. And was your last period normal? And, any problems with nausea or vomiting? Right. And have you been eating and drinking OK? OK. And, have you opened your bowels normally? Have you opened your bowels normally? You've been to the toilet? What problems did you have last week? OK. And what about this week? Are you going to the toilet every day? Um, is the stool normal, or diarrhea, or hard stool? Um, and you said you'd had some vaginal bleeding? Is that, is your period stopped? OK. Any abnormal discharge, other discharge, or just the slight bleeding? OK. Any difficulty breathing, or pain in your shoulders, or anything like that? No. And have you had a high temperature? Have you got a thermometer? Do you feel feverish? And do you feel faint when you stand up? What have you been doing for the last few days? Have you been at work as normal, or, have to stay at home? OK. But you said the pain's constant, there all the time? Or is it getting worse from time to time? OK. Um, have you had any other um, medical problems in the past? Pardon? OK. Anything else? Have you had any operations? Have you had any pregnancies? Have you taken a pregnancy test this time? when was that? OK. But not since you've had the abdominal pain? OK. And, any surgery in the past? Um, and what's your job day to day? OK. And who do you live with at home? OK. And do you smoke or drink alcohol? You take any other drugs? Have you been abroad recently? Whereabouts to? Pardon? A year ago, not recently. No. Um, and any problems passing water? Any pain, or strong smell, or having to go more often than normal? Right, OK. And any , any weight loss or blood in the stool, or urine? . OK. Fine. Um, I think with the abdominal pain, as it's getting worse, and it's been going on for the last few days, um, it would be very helpful to be able to examine you properly. Would you be happy to have an examination with a doctor? OK. Um, so what we can do, is we can arrange a face to face examination where they can um, see you in a clinic and do a abdominal examination, and advise further from there when we got more of an idea what's causing the problem. Um, would you be happy to call the support line and arrange that appointment? OK. That's fine. So we'll, we'll do that. In the meantime, if it gets a lot worse, um, or you, you're not holding any fluids down, um, then we should see you before then. Um, did you say your pregnancy test was a month ago? OK. Um, um, your Implanon was just put in a year ago? The other thing we would need to do is to, to do a pregnancy test today, if possible. So if you can do that today, and if it's positive we need to see you straight away, so give us a call back. OK? Have you got any other questions? Right, OK. So, if you call the support line and make an appointment, we'll go from there. Thanks. Bye.","Hello, I'm Dr Smith from Babylon. Hi there, can you confirm your full name, date of birth and the first line of your address please? Can you confirm your date of birth and the first line of birth? Okay, any address? Yep. Okay, and are you in a private place? You can have a consultation. Okay, what can I do for you today? What can I do for you today? Right, okay, when did it start? Okay, and whereabouts in your activity pick it is? Can you just explain to me where about this? Okay and it's in the middle, all to one side. And is it around your belly button or above or below that? And is it there all the time or do it come and go? Okay and what you can say is on a scale of one to ten with them being the worst pain you've ever had. Okay, and have you any other symptoms with it? Okay, so one of the last areas. is. Okay and are you having sectional enforce, are you using any contraception? Okay. And do you have your periods when you, since you've been using Inflatna, do you have periods? or they're sporadic? And was your last period normal? And any problems with nausea or vomiting? I think you did eating and drinking okay? Okay, and have you opened your vials normally? Have you opened your vials normally? What problems did you have last week? Okay, I hold it back this week. you go and enjoy it every day and is this still normal or diarrhea or heart soon? And and she said you've had some vaginal bleeding. Is that until period stopped? Okay Any abnormal discharge or discharge or just this light leading? Any defaulting breathing or pain in your shoulders? And then you had a high temperature, you got the monitor. Do you feel feet brush? And do you feel faint when you stand up? What you've been doing for the last few days, have you been out of work as normal or has Okay, big, constant there all the time, or is it getting right from time to time? Okay, and he had any other medical problems in the past? Pardon? Okay, anything else? Have you had any operations? Have you had any pregnancies? Have you taken a pregnancy test this time? What was that? Okay but not since you've had it, I've done my own pain. Okay and any surgery in the past? And what's your job day today? Okay, you usually live by that home. Okay, and you smoke or drink alcohol? You taking the other drugs? Have you been abroad recently? Whereabouts to? I don't know. Oh yeah we're going, not recently. And any problems passing water? Any pain or strong smell or damage going off to the law? Right, okay, and any weight loss or blood in the stool or urine? I think with the abdominal pain as it's getting worse and it's been going on for the last few days, it would be very helpful to be able to examine you properly. Would you be happy to have an examination with a doctor? Okay, so what we can do is we can arrange your face to do a basic examination where they can see you in clinic and do an abdominal examination and advise you from them on what you've got more than an idea what's causing the problem. Would you be happy to call the support line and arrange that appointment? Okay that's fine so we'll do that. In the meantime if it gets a lot worse or you're not not want to get any fluids down, then we should see the call then. Did you say your pregnancy test was a lot of the time? Okay, and your implant was just put in a year ago. The other thing we really need to do is to do a pregnancy test today if possible. So if you could hear that, say I need to scroll through to see you straight away so just call that. Okay? Have you got any other questions? Right, okay. So if you call the score line I'll make the point you will not get from there. Thanks.",0.4110824742268041,-0.4894717760143869,0.2185507149575916,1.3384394562743462,No Error,no_hallucination,member_5,,primock_medical_noisy_labels.csv,,,,,/content/primock57/audio/day5_consultation04_doctor.wav,0,0,1,0.5457874773276553
librispeech,3575-170457-0053,BUT ANNE HAD BEGUN TO SUFFER JUST BEFORE THE HOLIDAYS AND CHARLOTTE WATCHED OVER HER YOUNGER SISTERS WITH THE JEALOUS VIGILANCE OF SOME WILD CREATURE THAT CHANGES HER VERY NATURE IF DANGER THREATENS HER YOUNG,But Anne had begun to suffer just before the holidays and Charlotte watched over her younger sisters with a jealous vigilance of some wild creature That changes her very nature if danger threatens her young,1.0,-0.2448100578494188,0.0163087025284767,1.4305555555555556,No Error,no_hallucination,member_1,,librispeech_labels.csv,,,,,,0,0,1,0.5159782632715044
primock_medical_noisy,mednoisy_day3_consultation02_patient,"Hi. Yep, uh, John Doe. Uhh, twenty-one twelve and nineteen uh eighty-six. Is, uh, number one London Street. Um, NW three six PQ. We are, yes. Uh yeah, iIve had a, um a sort of a, a, a very sort of bad, severe headache, the past four days. Um, and um I've been sort of feeling a bit hot as well. Um, I've got, got a bit of a temperature, I think. I haven't measured it but um, think I've, yeah, I think I've got a fever. Um, so um, headache started uh, first. Um, and then sort of yeah, fever sort of came along a bit afterwards. Um, so I've had some Paracetamol and some Ibuprofen, but it's not really helping at the moment. Yep. Um no, like um it, it's fine, light doesn't seem to bother me too much. And I've got some general aching muscles. Um, not necessarily sort of in my neck. It's kind of a bit all over, really. No, no I haven't, I haven't been sick. Uh no, no cough. Uh, no. No. Um, no it's, it seems to be OK. It, it's fine. Uh, no. Um just, I, I suppose general aching, body aching. Uh, no. I'm, I'm sort of, yeah, seem to be sort of fine with that sort of stuff but, yeah. Uh no, um general medical history is fine. Uh, no. Um, I, I suppose uh I have been away to um, uh, Thailand. Um, uh week or so ago. Um had some, like, usual mosquito bites from sort of traveling around and a friend of mine has also been a bit unwell, but um, uh, yeah, that 's the only sort of, like, history per se. Um, I um, uh, I I do feel cold quite a lot. Uh, you know it's, um, I no sort of shivering, but definitely like a bit cold. Yep. Uh, no. Uh, no. Um OK. OK. Uh no. I mean I've got a bit of a rash, but nothing like, uh no, no, no, no bleeding. Um, it's uh, the rash is kind of all over my body. Like it's not, it's not, it's not really localised. Um uh sort of red and itchy. Yeah. Uh, yes. OK. OK. OK. OK. Uh, no. Sounds serious. OK. OK, cool. Thank you very much. Bye.","Hi. John Doe. I am 21121986. number one London Street and W3 6 pq we are yes yeah I've had a sort of very sort of bad spirit headache for the past four days and and I've been feeling a bit hot as well. I've got a bit of a temperature, I haven't measured it, but I think I've got fever. So headache started first, and then fever came along a bit afterwards. So I've had some paracetamol and some ibuprotin but it's not really helping at the moment. Yep. No, it's fine, light doesn't seem to bother me too much. I've got sort of general aching muscles, not necessarily sort of in my neck, it's kind of a bit all over really. No, no cough. No, I haven't used it. No, no coffee. No. No, it seems to be okay, but it's fine. No. I suppose general aching, body aching. No, I'm sort of, yeah, seems to be sort of stuff but yeah. No, general medical history is fine. No, I suppose I have been away to Thailand a week or so ago. I've had some usual mosquito bites from travelling around. A friend of mine has also been a bit unwell but yeah, it's the only history put. I do feel cold quite a lot, you know, I know you're sort of shivering but definitely like bit cold. Okay. Okay. I mean I've got a bit of a rash but nothing like no bleeding. It's rashes all over my body. It's not really liquidised. It's sort of red and itchy. Uh, yes. Okay. Okay. Okay. Okay. Okay. Okay. Okay. Okay. Okay. Okay. Okay. Okay. Okay. Okay. Okay. Okay. Okay. Okay. Okay. Okay. Uh, no, some theories. Uh, no, some theories. Uh, no, some theories. Uh, no, some theories. Uh, no, some theories. Uh, no, some theories. Uh, no, some theories. Uh, no, some theories. Uh, no, some theories. I'm going to go back to the video. I'm going to go back to the video. I'm going to go back to the video. I'm going to go back to the video. I'm going to go back to the video. I'm going to go back to the video. I'm going to go back to the video. I'm going to go back to the video. I'm going to go back to the video. I'm going to go back to the video. Okay, cool. Thank you very much.",0.8051282051282052,-0.4275782380245754,0.5153293949365616,3.9106518252075215,Non-Hallucination Error,no_hallucination,member_5,,primock_medical_noisy_labels.csv,,,,,/content/primock57/audio/day3_consultation02_patient.wav,0,0,1,0.9998166941202037
primock_medical_noisy,mednoisy_day3_consultation08_patient,"Hi there! I, uh Uh, , that's, uh, John Jones. Uh, that's, uh, the, twenty ninth of September, nineteen eighty. Uh, that's, uh, John Jones, at, John Jones dot net. Yep. That's absolutely fine. Yeah, yeah, it's just it's been going on for, like a few days now. Um, sort of like, coughing, and like, general runny nose, and stuff, and, like Little bit, uh about like five days around that, uh, yeah it started like, what day is it today? Uh, yeah the week, it started with the start of the weekend, so. Yeah just like coughing, and like running nose, and like kind of muscles aching and stuff, like occasional feeling like headache, cold, chills, and things like that. Yeah. No, no, it's like a, it's like a dry cough Sort of like like, almost hacking, hacking kind of like . No, no, no shortness , like yeah, I'm breathing fine. No. Uh, so, uh, just like pain killers and such. I mean that I, I, um, in addition to like my normal medication and such. Um, but like I'll just like pass it along. No Yeah, so I take, um, uh, what's it called, it's like metformin . I'm a diabetic, so. And, um, I also, like have, uh, lisinopril . Yeah, but the like slight blood pressure. Um, like a, a few years, maybe five or six years. Yes. Uh, no issues nothing like out of the ordinary there. Uh, I've been this morning. I can't remember off the top of my head, but it was within the normal range. Sure . No, I haven't had anything like that. OK. OK, that sounds good. Uh, no, I I think that's been very helpful thank you. OK, so I don't need any prescription, or anything like that. OK. Thank you very much, bye!","Hi there. Hi. That's John Jones. That's the 29th of September, 1980. That's John Jones at John Jones dot net. Yep, that's absolutely fine. Yeah, yeah, it's just been going on for like a few days now. Sort of like coughing and general runny nose and stuff. Like occasionally just... About like five days around that. Yeah, started like four days today. Yeah, at the weekend, started at the start of the weekend. Yeah, it's just like coughing and like running nose and like kind of muscles aching and stuff, like occasionally feeling like cold chills and things like that. Yeah. No, no, it's like a dry cough. It's like almost hacking, kind of like... No. No, no, no, sure. I'm sort of like, yeah, breathing fine. No. So, just like, painkillers I mean, in addition to my normal medication and such, I would just like paracetamol. Yeah, so I take metformin, I have a diabetic, and I also have Lysinopril, for the blood pressure. Um, like a few years, maybe five or six years? Yes. Uh, no issues, nothing like out of the ordinary there. I can't remember if that's off my head but it was within the normal range. That's it. No, I haven't had any symptoms like that. I can't. Okay, that sounds good. No, I think that's been very helpful, thank you. Okay, so I don't need any prescription or anything like that. Okay. Thank you very much. Bye.",0.5032679738562091,-0.5411444489179745,0.3451696259505821,1.1983045606893643,Non-Hallucination Error,no_hallucination,member_5,,primock_medical_noisy_labels.csv,,,,,/content/primock57/audio/day3_consultation08_patient.wav,0,0,1,0.522642073194418
primock_medical_noisy,mednoisy_day4_consultation06_doctor,"Ah. Hello. Hi, uh, my name is Doctor Kumar. I'm one of the GPs here. Can I just get you to confirm your name and date of birth for me, please? Date of birth? And your date of birth? Again, how can I help today? OK. So, it started this morning, was it a sudden onset headache, did it come on suddenly? OK. And did it come on really bad or did it start off, uh, like a slight headache and build up to a, a severe headache? And if , if ten is the worst pain you've ever felt in your life, how bad would you say the pain was between one and ten? It's not ten. Great! OK. No, that's fine. Have you ever had a headache before? Have you ever had a headache like this in the past? OK. So, it's a first . OK. OK. If you had to say where uh, uh, across the head, uh, the headache is, is it across the front, around the back? And tell me what visual problems are you getting? OK. OK. And, um, have you tried any painkillers for this already? OK. Um, OK. Um, what time did you take the paracetamol? How long ago was it you'd taken it? OK. Um, and your visual problem is still ongoing now? OK. OK, Um, so, what about, , have you felt sort of nauseous or like you want to vomit? Still feel . All right. OK. You've mentioned, in the past, you've had kidney stones, any other medical problems? Uh, you've mentioned that in the past, you've had kidney stones. Have you had any other medical problems in the past? , what else do you have in the family? Ohh, can you still hear me? Ohh , it's gone. You can hear me. Um, you said, you mentioned your mother has migraines. What else do you have in the family? Hyperthyroid OK. Bye. OK. Um, and no other relevant family history? And do you take any regular medications? Are you allergic to any medications? OK. Is there any chance you could be pregnant? Fine. And so, you're not allergic to any medications. Fine from . And what, what were you thinking might be going on? I know you seemed quite worried about it. Was there anything in particular you were worried about? OK. OK, fine. Um, now just, uh, another, uh, question, have you noticed any weakness in your arms or legs, anything like that? Uh, and when you're walking, you're able to walk fine in a straight line or is your, your uh walk, are you walking a bit funny? OK. OK. So, just, just to clarify what, what you said . This morning, uh, you woke up and then later on in the, in the morning, about four hours ago, you've developed a headache? Um, on the left side of the head? Left side of the head, is it behind the eye? Is it behind the eye? Is that where the pain is? Um, you've . OK. That's fine. You've noticed that your vision is blurry, there's funny lines, you feel a bit nauseous, you vomited twice. Um, and, uh, you feeling dizzy as well, but your, you've got no neurological symptoms. You're walking fine. Um, and, and you've taken paracetamol and it hasn't helped. Is that all? OK. So, it sounds like what you're suffering from is what's known as a migraine. Is that something you've heard of before? OK. OK. So, um, usually with, with migraines they can present at different times in people's lives, so, sometimes they can present as a child, sometimes they can present when they're older. Um, and sometimes they can present, you know, even postmenopausally. So, there's different, there's different ways you can get migraines. Uh, and the reason why this sounds like migraines is because it's on one side of the head. typical of a migraine, you've got blurry vision, again which is very typical, with the nausea and vomiting, that's also typical of a migraine. Now, um, uh, obviously, if the headache is really severe, and I'll suggest some medications you can try, if that doesn't work, we would want to see you, um, as soon as possible, to do like a full neurological exam as well. to make sure that, you know, there's, you know, when we do a more specific examination that, um, everything all seems fine. Um, I I would recommend in the time between now and when we can see you, uh, if you take some medications, maybe something like ibuprofen? So, yes, a migraine, yeah, no, you know, even sooner than that, we can look at maybe half an hour to forty minutes, depending on what your response to it is, for some people, Uh, whatever medications they take the migraine doesn't improve, um, and they can last from anywhere from four hours to seventy two hours, migraines can last. Um, but . No. So, what, there's lots of medication treatments so, there's, it can be ibuprofen with an anti-sickness, um, so and , which you can get from the pharmacy. Um, and you also to drink, uh, sugary and carbonated drinks, something like Coke. For the three of them is, uh, is a good sort of cocktail to start them, then we can go up the treatment ladder, you can get specific migraine relief medication. And that should be something to try between now and when we see you to do the, um, to do the assessment. assessment to where we can see you today at some point. And, but however, if you do take these medications and, you know, by the time your appointment time comes in and you feel much better in yourself, you can cancel it, um, you can give us a call and cancel it. OK. Uh, any, any questions for me? All right. OK. Um, any, any further problems between now and your appointment, please do let us know. OK. Bye.","Hello. Hi. My name is Dr Kumar. One of the duties here. Can I just get you to confirm your name and date of birth for me please? Yes. Date of birth. And your date of birth. Hello. Hi. Hi. Hi. Hi. Hi. Again, how can I help you? So it started this morning with a sudden onset headache. Did it come on suddenly? And did it come on really bad or did it start off like a slight headache and build up to a severe headache? If 10 is the worst pain you've ever felt in your life, how bad would you say the pain was between 1 and 10? Okay, now that's fine. Have you ever had a headache before? Have you ever had a headache like this in the past? Because there's a person who had a... If you had to say where across the head the headache is, is it across the front, around the back? And tell me what visual problems are you getting? Okay. And have you tried any painkillers for this already? Okay. Okay. What time do you take the parity to more? How long ago was it you were taking it? how long ago was it you taken it? And your visual problems are still ongoing now. So what about, have you felt sort of nauseous or like you want to vomit? You've mentioned in the past you've had kidney stones, any other medical problems? You've mentioned that in the past you've had kidney stones? Have you had any other medical problems in the past? What else do you have in the family? Can you still hear me? You can hear me. You said your mother has migraines. What else do you have in the family? And no other relevant family history. Do you take any regular medications? Are you allergic to any medications? Is there any chance you could be pregnant? Fine. So you're not allergic to any medications? Fine. What were you thinking might be going on? I know you seem quite worried about it. Was there anything in particular you were worried about? Okay, fine. Now, just another question. Have you noticed any weakness in your arms or legs? Anything like that? And when you're walking, you're able to walk fine in a straight line, or are you walking a bit funny? So just to clarify what you said, this morning you woke up and then later on in the morning, about four hours ago, developed a headache on the left side of the head. Left side of the head. Is it behind the eye? Is it behind the eye? Is that where the pain is? Okay, that's fine. You've noticed that your vision is blurry. There's funny lines. You feel a bit You're nauseous, you vomited twice, you're feeling dizzy as well, but you've got no neurological symptoms, you're walking fine, and you've taken paracetamol and it hasn't helped. So it sounds like what you're suffering from is what's known as a migraine. Is that something you've heard of before? Okay. So usually with migraines they can present at different times in people's lives. So sometimes they can present as a child, sometimes they can present when they're older, and sometimes they can present even post-menopausally. So there's different ways you can get migraines. And the reason why this sounds like migraines is because it's on one side of the head, which is typical of a migraine. You've got blurry vision, again, which is very typical with the nausea and vomiting. That's also typical of a migraine. Now, obviously, the headache is really severe. And I'll suggest some medications you can try. If that doesn't work, we would want to see you as soon as possible to do a full neurological exam as well. to make sure that when we do a more specific examination that everything all seems fine. I would recommend in the time between now and when we can see you if you can take some medications maybe something like ibuprofen. So yes, migraine, not even sooner than that we can look at maybe half an an hour to 40 minutes, depending on what your response to it is. For some people, whatever medications they take, the migraine doesn't improve, and it can last from anywhere from four hours to 72 hours, migraines can last. But I would to be some... No, so there's lots of medication treatments, so that they can be ibuprofen with an anti-sickness, which you can get from the pharmacy, and also to drink a sugary carbonated drink, something like coke. So the three of them is a good sort of cocktail to start them. Then we can go up the treatment ladder, you can get specific migraleave medication and that's just something to try between now and when we see you to do the assessment. But however if you do take these medications and you know by the time your appointment time comes in and you feel much better in yourself you can cancel it. You can give us a call and cancel it. Any questions for me? Alright, okay. Any further problems between now and your appointment please do let us know. Okay, bye.",0.3376494023904382,-0.3346989383165718,0.2103951930856475,1.513785179678306,Hallucination Error,hallucination,member_5,,primock_medical_noisy_labels.csv,,,,,/content/primock57/audio/day4_consultation06_doctor.wav,1,1,0,0.4828529000378914
librispeech_fallback,ls_0003__white_10dB,NOT EXACTLY RETURNED KALIKO,"Not exactly, between Calico.",1.0,-0.6894968032836915,0.0374714694917202,0.7777777777777778,Non-Hallucination Error,no_hallucination,,,librispeech_annotation_noisy.csv,,unknown,white,10.0,,0,0,1,0.5129857758666073
commonvoice,ls_49,NEAR THE FIRE AND THE ORNAMENTS FRED BROUGHT HOME FROM INDIA ON THE MANTEL BOARD,"near the fire, and the ornaments Fred brought home from India on the mental board.",1.0,-0.235634327,0.001576194,1.108108108,Hallucination Error,hallucination,mishr,,commonvoice_annotation_completed .csv,,,,,,1,1,0,0.26704847228415834
commonvoice,ls_7,HE THOUGHT IT WAS A LAST BURST OF ENERGY HE KNEW HOW CLOSE THEY BOTH WERE TO EXHAUSTION,He thought it was the last burst of energy. He knew how close they both were to exhaustion.,1.0,-0.164912682,0.010001875,1.109756098,Hallucination Error,hallucination,mishr,,commonvoice_annotation_completed .csv,,,,,,1,1,0,0.20844143830930492
adversarial,adv_5683-32866-0022,ITS CURTAINS WERE OF THICK AND FADED TAPESTRY,Its curtains were thick and faded top street.,1.0,-0.4117099046707153,0.0538876540958881,0.8490566037735849,Hallucination Error,hallucination,member_4,,adversarial_labels (2).csv,,,,,,1,1,0,0.2657581982450228
librispeech_fallback,ls_0057__clean,A RED HAIRED MOUNTAIN OF A MAN WITH AN APPARENTLY INEXHAUSTIBLE STORE OF ENERGY,A red-haired mountain of a man with an apparently inexhaustible store of energy.,0.9285714285714286,-0.1664511639138926,0.00482332194224,1.0526315789473684,Hallucination Error,hallucination,,,librispeech_annotation_noisy.csv,,unknown,clean,,,1,1,0,0.16826230533599168
primock_medical_noisy,mednoisy_day2_consultation06_patient,"Hello. Good morning. Hi, . Yeah, sure. Um, my name is John Doe. Um, and I am twenty seven years old. Um, so, I was born in nineteen ninety one, um, seventeenth of November. Yeah, yeah. , yeah, exactly. I've, I'm , kind of struggling to breathe at the moment. I, I got stung by a wasp, um, recently. Well, I'm not sure whether it's kind of bitten or stung. Um, but I, uh, I'm feeling like slightly anxious that, uh, there's a bit of, I've got a bit of a, a rash on my arm where, i got stung. Um, and, I've, kind of. But yeah, as I say, I've got this difficulty breathing and potentially, um, there's a bit of swelling in my lips. My tongue feels a bit weird. Um, it was, just a few minutes ago. Yeah, it's just kind of on the right-hand side. Um, and it, and it's just a bit sore, maybe it hasn't kind of , fully swollen up yet. Yeah. Yeah . Right. I, I, I , I don't, feel like it's , like particularly acute, but i'm just kind of a bit anxious that it might get a bit worse. I don't, I just wanted to speak to someone. Uh, not that I know of. Uh, I haven't no. Um, I, , I, I find it difficult to tell the difference between a bee and a wasp, but um, , yeah it was one of the two. Yeah, it was on my arm. Uh, yeah sure. Um, it's just, just there. Mm-hmm. It's, it's slightly red, yeah and, and kind of there's, a bit of a, like a hole there, where I think that the wasp, stung me. Uh, . Not particularly. I, I guess it's just a bit kind of blotchy, uh, and a bit of a rash. It doesn't feel like, particularly swollen. Um. Not at the, not at the moment, no. Nothing, nothing yet. Um, I've, I've had eczema before. Um. , that's kind of the, the major thing, nothing, nothing really. Uh, I'm allergic to penicillin. Um, not that I think is, particularly relevant, no. I don't have, I don't have any. Uh, not that I know of, I've , yeah, I've been around dogs and cats, . No. Uh, yeah, uh, sometimes, occasionally. Um, no. No. Yes. Uh, I am a, uh, computer scientist. Yes. Um, I have a cat, at home. Yep. Yeah. Yup . Ah. Right. Yeah. Yeah. Yeah. OK. Uh, no, I think, I think that kind of, that makes me feel a bit better. I guess, can I get that um, can I get the, uh, so the antihistamine from any shop, or like does it pharmacy? OK. OK . OK. Great. Yeah . OK, great. Yeah, that makes sense. OK. Thanks. I appreciate your time. Bye bye, bye.","Hello. Good morning. Hi, how are you? Hello. Yeah, sure. My name is Juan Do and I'm 27 years old. So I was born in 1991, in 17th of May, I was... Yeah, yeah. Yeah, exactly. I'm kind of struggling with the breathing at the moment. I got stung by a lot recently, but I'm not sure whether it's hand-fitting or stung, but I'm feeling like slightly anxious that there's a bit of, I've got a bit of a rash on my arm where I put tongue and I kind of, yeah, as I said, I've got a little bit of ziplocid breathing and potentially there's a bit of swelling in my lip, the tongue feels a bit weird. It was just a few minutes ago. Yeah, it's just kind of on the right hand side and it's just a bit sore, maybe it hasn't kind of really softened up, yeah. Yeah. Yeah. Right. I don't feel like it's like the CGA of Q, but I'm just kind of a bit anxious that it might get a bit worse. I just wanted to speak to someone. Not that I know of. I haven't know. I happen to know. I... it was a little difficult to tell the difference between a V and a W. But, yeah, it was one of the two. Yeah, it was on my arm. Yeah, sure. It's just there. It's slightly red, yeah, and I'm kind of just a bit of a, like a hole there where I think that the gloss, um, each. Um, not physically, I guess it's just a bit kind of blotchy, uh, and a bit of a rash. Doesn't feel like it's really swollen. Not as magnetic as I think, no. I've had X move before. That's kind of the measure. Nothing. Nothing. I'm a little bit sad, I see it. Not that I think it's deeply relevant, no, I don't know. I don't have it. Not that I know, yeah, I've been around folks in past, I do. No. No. No. No. No. No. No. No. No. No. No. No. No. No. Yes. I am a computer scientist. Yes. I have a cat. Yeah. Yeah. Yeah. Yeah. All right. Yeah. Yeah. Yeah. Yeah. Yeah Okay No, I think I think that's kind of that makes a little bit better I guess I get I get the The anti-smoking from any job or like without fancy Okay. Okay. Okay. Okay. Okay. Great. Yep. Yep. Yep. Yep. Yep. Yep. Yep. Yep. Yep. Yep. Yep. Yep. All right. Okay, thanks. I appreciate your time. All right.",0.5292887029288703,-0.5685178114992169,0.3511786318487591,1.866720298676116,Non-Hallucination Error,no_hallucination,member_5,,primock_medical_noisy_labels.csv,,,,,/content/primock57/audio/day2_consultation06_patient.wav,0,0,1,0.915847336597642
commonvoice,ls_21,THEN THE POWERFUL TWIST THAT THRUST IT ASIDE IN AND UNDER THE GUARD,"Then the powerful twist that's rest of the side, in and under the guard.",1.076923077,-0.329305744,0.015908843,1.014084507,Hallucination Error,hallucination,mishr,,commonvoice_annotation_completed .csv,,,,,,1,1,0,0.3147132889051099
primock_medical_noisy,mednoisy_day4_consultation02_patient,"Hello. . Yes, I can hear fine. Uh, I am, uh, Patrick Smith. Uh, thirty five years old. Um, October, seventh. Uh. ninety , three something. Yes. Yes, we are. Yeah. It's, it's really affecting my work. Uh, uh, it comes and goes. Uh. Uh, I kind of, feel like, uh, it's, it's hard 'cause I, I , kinda lose my appetite. Also. Uh, one thing that's kinda weird is, I just sometimes also get like some, tingling in my arms. . And, like, especially if, for example when I, come into the elevator, in the morning. I , I can uh, of have, my heart is beating, kinda fast. Almost randomly like. Yeah, it's, it's, it's at different , times. , one time, one thing at a time. Uh, not really but, generally during, work times. I'm at work, I'm in a meeting, or on my laptop. Um, I can't say, so like, kind of over . , the headache? No, it's mostly in the front, and then yeah, it just kind of stays there. Yeah. , not, not, not really, but it's like, making it hard. I, yeah, I kind of feel a little bit nauseous maybe. Um. And sometimes I also feel like. Uh, yeah. It's like uh, maybe, probably, breathing or something. No . Uh, so. No, I, I feel like my, like, health situation was mostly under control. Yeah . But it , it started roughly when I changed jobs. I'm a lawyer. Yes. Not really. I get it, mostly when I'm, at work. Like fifty-fifty. I go to meetings and then uh, sit in front of a computer. There's a lot of reading. Um. , yeah, it happens then, yeah. Uh, no, I was a lawyer at previous job as well. Think it's, seven, or eight. Yeah, it's like, a law firm, like, there's always pressure. Yeah. Yes. Five pounds. It's not intentional, no. , not really, ah, no. No. Yeah. Both. No. Quick picking , yeah. Yeah. Uh, but like. I would say like, I get this like, feeling of, short , like, , short of breath, sometimes. So, like, that could be what, you we're, referring to. Yeah, no. Yes. Sorry, yeah. No. Yeah. I, I, when I like, it's maybe once a day, uh, maybe more. Uh. There's one more thing that I, I think I should mention, like, I do have like, some loss of libido at home. Same amount of time really, like, since I changed my job. Uh, well I have, hyperthyroidism. Thyroxine. Yes. Yes. Like, once a week, couple of glasses, of wine. No. No. . No. Yeah. Yeah. Yeah. Yeah. Yep. That sounds, uh, very good. Thank you. OK. . Yep . Yep. Yep. Thank you. Right . No, that was it. Thank you very much. Yep , bye.","Hello. Okay. Guess I can hear you fine. I am Patrick Smith. 35 years old. October 7th. October 7th. October 7th. October 7th. Uh... Like... Something. Yes. Yes, we are. Yeah, it's really affecting my work. It comes in and goes. I kind of feel like it's hard, I kind of lose my appetite also. One thing that's kind of weird is I sometimes also get like some tingling in my arms. And like especially for example when I come into the elevator in the morning, I kind of have my heart is beating kind of fast. Oh no, it's randomly like, yeah, it's a different times. What was roughly one time thing at a time? Not really, but generally during work times. I'm at work, I'm in a meeting or in my laptop. I can't say. can't say. So like kind of over front maybe. The headache, so it's moved in the front and then yeah, it's kind of stays there. Yeah. Not really, but it's like making it hard. I kind of feel a little bit nauseous maybe. And sometimes I also feel like... Yeah, it's like maybe probably breathing or something. No, I feel like my health situation was mostly under control. but it started roughly when I changed jobs. I'm a lawyer. Yes. Not really, I get it mostly when I'm at work. Like 50-50 go to meetings and then hit the software computer. There's a lot of reading. Yeah, it happens then. Yeah. No, I was a lawyer a previous job as well. I think it's seven or eight. Yeah, it's like a law firm. Like there's always pressure. Yeah. Yes? Five pounds? It's not intentional, no. No? No, really? Ah, no. No. No. No. No. No. No. No. No. Yeah. Both. No. Freakling. Yeah. I would say it's like feeling short breath sometimes. So that could be what you were referring to. Yeah, no? Yes? Sorry, yes. No? Yeah. I would like it's maybe once a day maybe more there's one more thing that I think I should mention like I do have like some loss of libido at home same amount of time really like since I changed my job Well, I have a hypothyroid just... Tyrox in. Yes? Yes. Once a week, couple of masks and wine. No. No. No. No. Yeah. Yeah. Yeah. Yeah. Yeah. Yeah. That sounds very good. Thank you. Okay, thanks, then. Yep. Yeah. Yeah. Thank you. Bye. Well, that was it. Thank you very much. Yeah, bye.",0.492600422832981,-0.5230201335452361,0.4619994880631566,1.2473843243002305,Non-Hallucination Error,no_hallucination,member_5,,primock_medical_noisy_labels.csv,,,,,/content/primock57/audio/day4_consultation02_patient.wav,0,0,1,0.53737706647356
librispeech_fallback,ls_0043__pink_10dB,HE HAS GONE AND GONE FOR GOOD ANSWERED POLYCHROME WHO HAD MANAGED TO SQUEEZE INTO THE ROOM BESIDE THE DRAGON AND HAD WITNESSED THE OCCURRENCES WITH MUCH INTEREST,"He has gone, and gone for good,"" answered Polychrome, who had managed to squeeze into the room beside the dragon, and had witnessed the occurrences with much interest.",1.0,-0.147774684719923,0.0047488003037869,1.3577235772357723,Hallucination Error,hallucination,,,librispeech_annotation_noisy.csv,,unknown,pink,10.0,,1,1,0,0.3494121175687389
