group,ablation_name,features,n_features,accuracy,precision,recall,f1,roc_auc,avg_precision,det_best_threshold,det_best_fpr,det_best_fnr,det_fpr_plus_fnr
Hybrid,wer + avg_logprob + no_speech_prob + compression_ratio + lm_surprisal_std,wer|avg_logprob|no_speech_prob|compression_ratio|lm_surprisal_std,5,0.83,0.8787878787878788,0.4915254237288136,0.6304347826086957,0.8044236086068036,0.7161567992290808,0.3891076105778544,0.05673758865248227,0.3050847457627119,0.3618223344151942
ASR_only,wer + avg_logprob + no_speech_prob + compression_ratio,wer|avg_logprob|no_speech_prob|compression_ratio,4,0.845,0.8888888888888888,0.5423728813559322,0.6736842105263158,0.8134391152782787,0.7234364736385568,0.37614791012746385,0.05673758865248227,0.3220338983050847,0.378771486957567
Hybrid,wer + avg_logprob + no_speech_prob + compression_ratio + repetition_ratio,wer|avg_logprob|no_speech_prob|compression_ratio|repetition_ratio,5,0.845,0.8888888888888888,0.5423728813559322,0.6736842105263158,0.8134391152782787,0.7234364736385568,0.3761479562607037,0.05673758865248227,0.3220338983050847,0.378771486957567
Hybrid,wer + avg_logprob + no_speech_prob + compression_ratio + unique_token_ratio,wer|avg_logprob|no_speech_prob|compression_ratio|unique_token_ratio,5,0.85,0.8918918918918919,0.559322033898305,0.6875,0.8129582882558,0.7219462277547074,0.3812803898593654,0.05673758865248227,0.3220338983050847,0.378771486957567
Hybrid,wer + avg_logprob + no_speech_prob + compression_ratio + lm_avg_neg_logprob + lm_perplexity + lm_surprisal_std + repetition_ratio + unique_token_ratio,wer|avg_logprob|no_speech_prob|compression_ratio|lm_avg_neg_logprob|lm_perplexity|lm_surprisal_std|repetition_ratio|unique_token_ratio,9,0.83,0.8787878787878788,0.4915254237288136,0.6304347826086957,0.7902392114436831,0.7229545183898795,0.3718924565317707,0.06382978723404255,0.3220338983050847,0.38586368553912725
Hybrid,wer + avg_logprob + no_speech_prob + compression_ratio + lm_perplexity,wer|avg_logprob|no_speech_prob|compression_ratio|lm_perplexity,5,0.845,0.8888888888888888,0.5423728813559322,0.6736842105263158,0.7968505830027647,0.7143286572683719,0.35894719765000255,0.07092198581560284,0.3220338983050847,0.39295588412068755
Hybrid,wer + avg_logprob + no_speech_prob + compression_ratio + lm_avg_neg_logprob,wer|avg_logprob|no_speech_prob|compression_ratio|lm_avg_neg_logprob,5,0.835,0.8823529411764706,0.5084745762711864,0.6451612903225806,0.7937252073566534,0.7234110100797708,0.38711717715817373,0.05673758865248227,0.3389830508474576,0.39572063949993985
ASR_only,avg_logprob + compression_ratio,avg_logprob|compression_ratio,2,0.825,0.9,0.4576271186440678,0.6067415730337079,0.8003365789157351,0.7259455738295698,0.36180168235539856,0.0851063829787234,0.3220338983050847,0.40714028128380814
Hybrid,avg_logprob + compression_ratio + repetition_ratio,avg_logprob|compression_ratio|repetition_ratio,3,0.825,0.9,0.4576271186440678,0.6067415730337079,0.8003365789157351,0.7259455738295698,0.3618018485449836,0.0851063829787234,0.3220338983050847,0.40714028128380814
Hybrid,wer + avg_logprob + unique_token_ratio,wer|avg_logprob|unique_token_ratio,3,0.82,0.8108108108108109,0.5084745762711864,0.625,0.771607164322635,0.7408667540653506,0.30502869001411265,0.14184397163120568,0.2711864406779661,0.4130304123091718
Hybrid,avg_logprob + compression_ratio + unique_token_ratio,avg_logprob|compression_ratio|unique_token_ratio,3,0.825,0.9,0.4576271186440678,0.6067415730337079,0.7994951316263974,0.7229580188363447,0.3616872317831239,0.09219858156028368,0.3220338983050847,0.4142324798653684
Hybrid,wer + no_speech_prob + lm_surprisal_std,wer|no_speech_prob|lm_surprisal_std,3,0.76,0.72,0.3050847457627119,0.42857142857142855,0.7799014304603917,0.6484684428995262,0.3156006935235423,0.09219858156028368,0.3220338983050847,0.4142324798653684
Hybrid,avg_logprob + compression_ratio + lm_surprisal_std,avg_logprob|compression_ratio|lm_surprisal_std,3,0.82,0.896551724137931,0.4406779661016949,0.5909090909090909,0.7883159033537683,0.7131858673308809,0.3047875131665134,0.1276595744680851,0.288135593220339,0.41579516768842406
Hybrid,avg_logprob + compression_ratio + lm_avg_neg_logprob,avg_logprob|compression_ratio|lm_avg_neg_logprob,3,0.81,0.8,0.4745762711864407,0.5957446808510638,0.7731698521456906,0.6945648741437751,0.29547735827754185,0.11347517730496454,0.3050847457627119,0.4185599230676764
ASR_only,no_speech_prob,no_speech_prob,1,0.75,0.6666666666666666,0.3050847457627119,0.4186046511627907,0.7509316023560523,0.6151840209682122,0.2702038430729359,0.11347517730496454,0.3050847457627119,0.4185599230676764
Hybrid,no_speech_prob + repetition_ratio,no_speech_prob|repetition_ratio,2,0.75,0.6666666666666666,0.3050847457627119,0.4186046511627907,0.7509316023560523,0.6151840209682122,0.2702038210379597,0.11347517730496454,0.3050847457627119,0.4185599230676764
Hybrid,wer + no_speech_prob + unique_token_ratio,wer|no_speech_prob|unique_token_ratio,3,0.765,0.7307692307692307,0.3220338983050847,0.4470588235294118,0.8094722923428296,0.6670438164136007,0.2998992521783369,0.09929078014184398,0.3220338983050847,0.42132467844692867
Hybrid,avg_logprob + compression_ratio + lm_perplexity,avg_logprob|compression_ratio|lm_perplexity,3,0.83,0.9032258064516129,0.4745762711864407,0.6222222222222222,0.7842288736626998,0.713801169235906,0.34906920826558924,0.09929078014184398,0.3220338983050847,0.42132467844692867
ASR_only,wer + no_speech_prob,wer|no_speech_prob,2,0.76,0.72,0.3050847457627119,0.42857142857142855,0.7795408101935328,0.6577098483441376,0.30698562256295464,0.09929078014184398,0.3220338983050847,0.42132467844692867
Hybrid,wer + no_speech_prob + repetition_ratio,wer|no_speech_prob|repetition_ratio,3,0.76,0.72,0.3050847457627119,0.42857142857142855,0.7795408101935328,0.6577098483441376,0.3069854983487463,0.09929078014184398,0.3220338983050847,0.42132467844692867
Hybrid,avg_logprob + no_speech_prob + unique_token_ratio,avg_logprob|no_speech_prob|unique_token_ratio,3,0.815,0.7619047619047619,0.5423728813559322,0.6336633663366337,0.7527347036903475,0.7040279550811523,0.29542921702818153,0.1347517730496454,0.288135593220339,0.42288736626998435
Hybrid,no_speech_prob + lm_surprisal_std + unique_token_ratio,no_speech_prob|lm_surprisal_std|unique_token_ratio,3,0.755,0.6666666666666666,0.3389830508474576,0.449438202247191,0.7790599831710542,0.6191620710770732,0.2705245922835517,0.12056737588652482,0.3050847457627119,0.4256521216492367
Hybrid,no_speech_prob + lm_surprisal_std,no_speech_prob|lm_surprisal_std,2,0.75,0.6666666666666666,0.3050847457627119,0.4186046511627907,0.7592258684938094,0.6133124999260432,0.27541520275800163,0.12056737588652482,0.3050847457627119,0.4256521216492367
Hybrid,no_speech_prob + lm_surprisal_std + repetition_ratio,no_speech_prob|lm_surprisal_std|repetition_ratio,3,0.75,0.6666666666666666,0.3050847457627119,0.4186046511627907,0.7592258684938094,0.6133124999260432,0.27541518314092894,0.12056737588652482,0.3050847457627119,0.4256521216492367
Hybrid,no_speech_prob + unique_token_ratio,no_speech_prob|unique_token_ratio,2,0.755,0.6666666666666666,0.3389830508474576,0.449438202247191,0.7875946628200504,0.6262696294551611,0.266234207314299,0.1276595744680851,0.3050847457627119,0.432744320230797
Hybrid,no_speech_prob + repetition_ratio + unique_token_ratio,no_speech_prob|repetition_ratio|unique_token_ratio,3,0.755,0.6666666666666666,0.3389830508474576,0.449438202247191,0.7875946628200504,0.6262696294551611,0.2662342053047042,0.1276595744680851,0.3050847457627119,0.432744320230797
Hybrid,wer + no_speech_prob + lm_perplexity,wer|no_speech_prob|lm_perplexity,3,0.76,0.72,0.3050847457627119,0.42857142857142855,0.7734102656569298,0.6473190792358171,0.2813184982906355,0.11347517730496454,0.3220338983050847,0.43550907561004926
Hybrid,no_speech_prob + lm_perplexity,no_speech_prob|lm_perplexity,2,0.745,0.6538461538461539,0.288135593220339,0.4,0.7494891212886163,0.6052444833589268,0.2769741682365965,0.11347517730496454,0.3220338983050847,0.43550907561004926
Hybrid,no_speech_prob + lm_perplexity + repetition_ratio,no_speech_prob|lm_perplexity|repetition_ratio,3,0.745,0.6538461538461539,0.288135593220339,0.4,0.7494891212886163,0.6052444833589268,0.2769741435819999,0.11347517730496454,0.3220338983050847,0.43550907561004926
Hybrid,avg_logprob + unique_token_ratio,avg_logprob|unique_token_ratio,2,0.82,0.7948717948717948,0.5254237288135594,0.6326530612244898,0.7639139319629763,0.7277415455296012,0.2894207349639341,0.1702127659574468,0.2711864406779661,0.4413992066354129
Hybrid,avg_logprob + repetition_ratio + unique_token_ratio,avg_logprob|repetition_ratio|unique_token_ratio,3,0.82,0.7948717948717948,0.5254237288135594,0.6326530612244898,0.7639139319629763,0.7277415455296012,0.28942071369673444,0.1702127659574468,0.2711864406779661,0.4413992066354129
Hybrid,no_speech_prob + lm_perplexity + lm_surprisal_std,no_speech_prob|lm_perplexity|lm_surprisal_std,3,0.745,0.6538461538461539,0.288135593220339,0.4,0.7476860199543214,0.6012981365873442,0.282267411161181,0.10638297872340426,0.3389830508474576,0.44536602957086185
Hybrid,avg_logprob + lm_surprisal_std + unique_token_ratio,avg_logprob|lm_surprisal_std|unique_token_ratio,3,0.815,0.7894736842105263,0.5084745762711864,0.6185567010309279,0.7567015266257964,0.7127193384238043,0.32340225650560384,0.14184397163120568,0.3050847457627119,0.4469287173939176
Hybrid,avg_logprob + no_speech_prob + lm_perplexity,avg_logprob|no_speech_prob|lm_perplexity,3,0.82,0.7948717948717948,0.5254237288135594,0.6326530612244898,0.7387907200384662,0.691485377433753,0.29830893321525925,0.14184397163120568,0.3050847457627119,0.4469287173939176
Hybrid,no_speech_prob + lm_perplexity + unique_token_ratio,no_speech_prob|lm_perplexity|unique_token_ratio,3,0.75,0.6551724137931034,0.3220338983050847,0.4318181818181818,0.7756941940137037,0.6146574991562472,0.26667073893775955,0.1276595744680851,0.3220338983050847,0.44969347277316984
Hybrid,avg_logprob + lm_perplexity + unique_token_ratio,avg_logprob|lm_perplexity|unique_token_ratio,3,0.81,0.7692307692307693,0.5084745762711864,0.6122448979591837,0.7541771847577834,0.7193314241590916,0.29183117780501056,0.16312056737588654,0.288135593220339,0.45125616059622553
ASR_only,avg_logprob + no_speech_prob,avg_logprob|no_speech_prob,2,0.82,0.7948717948717948,0.5254237288135594,0.6326530612244898,0.7469647794206035,0.7037184240109373,0.31384975427243494,0.1347517730496454,0.3220338983050847,0.45678567135473014
Hybrid,avg_logprob + no_speech_prob + repetition_ratio,avg_logprob|no_speech_prob|repetition_ratio,3,0.82,0.7948717948717948,0.5254237288135594,0.6326530612244898,0.7469647794206035,0.7037184240109373,0.3138497180768591,0.1347517730496454,0.3220338983050847,0.45678567135473014
Hybrid,avg_logprob + no_speech_prob + lm_surprisal_std,avg_logprob|no_speech_prob|lm_surprisal_std,3,0.825,0.8,0.5423728813559322,0.6464646464646465,0.742396922707056,0.6972486269543842,0.3411269980584467,0.1347517730496454,0.3220338983050847,0.45678567135473014
Hybrid,no_speech_prob + lm_avg_neg_logprob + unique_token_ratio,no_speech_prob|lm_avg_neg_logprob|unique_token_ratio,3,0.75,0.6451612903225806,0.3389830508474576,0.4444444444444444,0.7800216372160115,0.6082893759667612,0.2693277186629454,0.12056737588652482,0.3389830508474576,0.45955042673398244
Hybrid,avg_logprob + no_speech_prob + lm_avg_neg_logprob,avg_logprob|no_speech_prob|lm_avg_neg_logprob,3,0.795,0.7142857142857143,0.5084745762711864,0.594059405940594,0.7594662820050487,0.6840829659557155,0.29982052319278185,0.15602836879432624,0.3050847457627119,0.46111311455703813
Hybrid,no_speech_prob + compression_ratio + unique_token_ratio,no_speech_prob|compression_ratio|unique_token_ratio,3,0.75,0.68,0.288135593220339,0.40476190476190477,0.8186080057699243,0.6311927499833301,0.2170426233268414,0.3120567375886525,0.15254237288135594,0.46459911047000846
Hybrid,avg_logprob + lm_avg_neg_logprob + unique_token_ratio,avg_logprob|lm_avg_neg_logprob|unique_token_ratio,3,0.805,0.7631578947368421,0.4915254237288136,0.5979381443298969,0.7574227671595143,0.6898091499740487,0.2907970590600146,0.16312056737588654,0.3050847457627119,0.4682053131385984
Hybrid,avg_logprob + lm_perplexity,avg_logprob|lm_perplexity,2,0.795,0.875,0.3559322033898305,0.5060240963855421,0.7472051929318428,0.7011211516407432,0.3634073510601762,0.09929078014184398,0.3728813559322034,0.4721721360740474
Hybrid,avg_logprob + lm_perplexity + repetition_ratio,avg_logprob|lm_perplexity|repetition_ratio,3,0.795,0.875,0.3559322033898305,0.5060240963855421,0.7472051929318428,0.7011211516407432,0.36340791682837004,0.09929078014184398,0.3728813559322034,0.4721721360740474
Hybrid,avg_logprob + lm_perplexity + lm_surprisal_std,avg_logprob|lm_perplexity|lm_surprisal_std,3,0.78,0.7777777777777778,0.3559322033898305,0.4883720930232558,0.7373482389710302,0.6882518410148061,0.3831412001056209,0.09929078014184398,0.3728813559322034,0.4721721360740474
Hybrid,avg_logprob + lm_avg_neg_logprob + lm_perplexity,avg_logprob|lm_avg_neg_logprob|lm_perplexity,3,0.795,0.75,0.4576271186440678,0.5684210526315789,0.7545378050246423,0.6915505391046756,0.3083429402784768,0.16312056737588654,0.3220338983050847,0.48515446568097126
Hybrid,avg_logprob + lm_avg_neg_logprob,avg_logprob|lm_avg_neg_logprob,2,0.795,0.75,0.4576271186440678,0.5684210526315789,0.7544175982690227,0.6911244358677995,0.30835264451790956,0.16312056737588654,0.3220338983050847,0.48515446568097126
Hybrid,avg_logprob + lm_avg_neg_logprob + repetition_ratio,avg_logprob|lm_avg_neg_logprob|repetition_ratio,3,0.795,0.75,0.4576271186440678,0.5684210526315789,0.7544175982690227,0.6911244358677995,0.3083526441901396,0.16312056737588654,0.3220338983050847,0.48515446568097126
Hybrid,no_speech_prob + lm_avg_neg_logprob + lm_perplexity,no_speech_prob|lm_avg_neg_logprob|lm_perplexity,3,0.745,0.6428571428571429,0.3050847457627119,0.41379310344827586,0.7603077292943863,0.5980267744453118,0.2845234516699453,0.11347517730496454,0.3728813559322034,0.48635653323716793
ASR_only,no_speech_prob + compression_ratio,no_speech_prob|compression_ratio,2,0.75,0.68,0.288135593220339,0.40476190476190477,0.8198100733261209,0.6287903636071165,0.2151160548652072,0.3191489361702128,0.1694915254237288,0.4886404615939416
Hybrid,no_speech_prob + compression_ratio + repetition_ratio,no_speech_prob|compression_ratio|repetition_ratio,3,0.75,0.68,0.288135593220339,0.40476190476190477,0.8198100733261209,0.6287903636071165,0.21511605717334834,0.3191489361702128,0.1694915254237288,0.4886404615939416
Hybrid,wer + no_speech_prob + lm_avg_neg_logprob,wer|no_speech_prob|lm_avg_neg_logprob,3,0.76,0.7037037037037037,0.3220338983050847,0.4418604651162791,0.7779781223704773,0.6336086481594714,0.2941222572197791,0.1347517730496454,0.3559322033898305,0.4906839764394759
Hybrid,wer + avg_logprob + lm_avg_neg_logprob,wer|avg_logprob|lm_avg_neg_logprob,3,0.8,0.7714285714285715,0.4576271186440678,0.574468085106383,0.7583844212044717,0.6976055314766746,0.3639846898718184,0.1347517730496454,0.3559322033898305,0.4906839764394759
Hybrid,avg_logprob + lm_surprisal_std,avg_logprob|lm_surprisal_std,2,0.78,0.8,0.3389830508474576,0.47619047619047616,0.7322995552350042,0.6639404680826537,0.36308010802429536,0.1347517730496454,0.3559322033898305,0.4906839764394759
Hybrid,avg_logprob + lm_surprisal_std + repetition_ratio,avg_logprob|lm_surprisal_std|repetition_ratio,3,0.78,0.8,0.3389830508474576,0.47619047619047616,0.7322995552350042,0.6639404680826537,0.36308007980628176,0.1347517730496454,0.3559322033898305,0.4906839764394759
Hybrid,no_speech_prob + compression_ratio + lm_avg_neg_logprob,no_speech_prob|compression_ratio|lm_avg_neg_logprob,3,0.745,0.6538461538461539,0.288135593220339,0.4,0.8061065031854789,0.6246498592509555,0.23925950385708702,0.2198581560283688,0.2711864406779661,0.49104459670633493
Hybrid,no_speech_prob + lm_avg_neg_logprob + lm_surprisal_std,no_speech_prob|lm_avg_neg_logprob|lm_surprisal_std,3,0.745,0.6428571428571429,0.3050847457627119,0.41379310344827586,0.7744921264575069,0.60455785834873,0.28165386054813785,0.12056737588652482,0.3728813559322034,0.4934487318187282
Hybrid,no_speech_prob + lm_avg_neg_logprob,no_speech_prob|lm_avg_neg_logprob,2,0.745,0.6428571428571429,0.3050847457627119,0.41379310344827586,0.7743719197018872,0.6039367950361999,0.2844968516146798,0.12056737588652482,0.3728813559322034,0.4934487318187282
Hybrid,no_speech_prob + lm_avg_neg_logprob + repetition_ratio,no_speech_prob|lm_avg_neg_logprob|repetition_ratio,3,0.745,0.6428571428571429,0.3050847457627119,0.41379310344827586,0.7743719197018872,0.6039367950361999,0.28449683745567667,0.12056737588652482,0.3728813559322034,0.4934487318187282
Hybrid,avg_logprob + lm_avg_neg_logprob + lm_surprisal_std,avg_logprob|lm_avg_neg_logprob|lm_surprisal_std,3,0.795,0.75,0.4576271186440678,0.5684210526315789,0.7594662820050487,0.6892437356755803,0.2867198874242899,0.19148936170212766,0.3050847457627119,0.49657410746483954
Hybrid,no_speech_prob + compression_ratio + lm_surprisal_std,no_speech_prob|compression_ratio|lm_surprisal_std,3,0.75,0.68,0.288135593220339,0.40476190476190477,0.8135593220338982,0.6333388596923832,0.21613877594556954,0.3120567375886525,0.1864406779661017,0.4984974155547542
Hybrid,wer + avg_logprob + lm_perplexity,wer|avg_logprob|lm_perplexity,3,0.785,0.7666666666666667,0.3898305084745763,0.5168539325842697,0.7366269984373122,0.6832534366833098,0.3150005692432638,0.1773049645390071,0.3220338983050847,0.4993388628440918
Hybrid,no_speech_prob + compression_ratio + lm_perplexity,no_speech_prob|compression_ratio|lm_perplexity,3,0.75,0.68,0.288135593220339,0.40476190476190477,0.803942781584325,0.61915554112657,0.21577045921935528,0.3191489361702128,0.1864406779661017,0.5055896141363145
ASR_only,avg_logprob,avg_logprob,1,0.775,0.7916666666666666,0.3220338983050847,0.4578313253012048,0.7333814160355812,0.6699689667957774,0.3537206889964007,0.14184397163120568,0.3728813559322034,0.514725327563409
Hybrid,avg_logprob + repetition_ratio,avg_logprob|repetition_ratio,2,0.775,0.7916666666666666,0.3220338983050847,0.4578313253012048,0.7333814160355812,0.6699689667957774,0.3537206270611551,0.14184397163120568,0.3728813559322034,0.514725327563409
Hybrid,wer + avg_logprob + lm_surprisal_std,wer|avg_logprob|lm_surprisal_std,3,0.775,0.75,0.3559322033898305,0.4827586206896552,0.725567976920303,0.6635663835215561,0.3070837153983901,0.2127659574468085,0.3050847457627119,0.5178507032095204
ASR_only,wer + avg_logprob,wer|avg_logprob,2,0.77,0.7241379310344828,0.3559322033898305,0.4772727272727273,0.7272508714989784,0.6626160599550532,0.3948817743451383,0.09929078014184398,0.4406779661016949,0.5399687462435389
Hybrid,wer + avg_logprob + repetition_ratio,wer|avg_logprob|repetition_ratio,3,0.77,0.7241379310344828,0.3559322033898305,0.4772727272727273,0.7272508714989784,0.6626160599550532,0.3948820193100601,0.09929078014184398,0.4406779661016949,0.5399687462435389
Hybrid,wer + lm_perplexity + unique_token_ratio,wer|lm_perplexity|unique_token_ratio,3,0.73,0.7777777777777778,0.11864406779661017,0.20588235294117646,0.7386705132828466,0.5651273075691208,0.2693184093802416,0.3404255319148936,0.22033898305084745,0.5607645149657411
Hybrid,wer + unique_token_ratio,wer|unique_token_ratio,2,0.73,0.7777777777777778,0.11864406779661017,0.20588235294117646,0.7414953720399086,0.5624267018468041,0.2638551989168808,0.3546099290780142,0.22033898305084745,0.5749489121288617
Hybrid,wer + repetition_ratio + unique_token_ratio,wer|repetition_ratio|unique_token_ratio,3,0.73,0.7777777777777778,0.11864406779661017,0.20588235294117646,0.7414953720399086,0.5624267018468041,0.2638552316281926,0.3546099290780142,0.22033898305084745,0.5749489121288617
LM_only,lm_perplexity + unique_token_ratio,lm_perplexity|unique_token_ratio,2,0.73,0.631578947368421,0.2033898305084746,0.3076923076923077,0.7286332491886044,0.5265156214120276,0.2661919480678489,0.3262411347517731,0.2542372881355932,0.5804784228873663
LM_only,unique_token_ratio,unique_token_ratio,1,0.73,0.631578947368421,0.2033898305084746,0.3076923076923077,0.7308570741675682,0.5218044897353538,0.2618316268122615,0.3333333333333333,0.2542372881355932,0.5875706214689265
LM_only,repetition_ratio + unique_token_ratio,repetition_ratio|unique_token_ratio,2,0.73,0.631578947368421,0.2033898305084746,0.3076923076923077,0.7308570741675682,0.5218044897353538,0.26183160855806387,0.3333333333333333,0.2542372881355932,0.5875706214689265
Hybrid,wer + lm_surprisal_std + unique_token_ratio,wer|lm_surprisal_std|unique_token_ratio,3,0.73,0.7777777777777778,0.11864406779661017,0.20588235294117646,0.7283327322995553,0.5551229739599344,0.29268885052480287,0.23404255319148937,0.3559322033898305,0.5899747565813198
Hybrid,wer + lm_avg_neg_logprob + unique_token_ratio,wer|lm_avg_neg_logprob|unique_token_ratio,3,0.72,0.6363636363636364,0.11864406779661017,0.2,0.7166726770044477,0.5417256381509223,0.30190571167691077,0.24113475177304963,0.3898305084745763,0.6309652602476259
LM_only,lm_surprisal_std + unique_token_ratio,lm_surprisal_std|unique_token_ratio,2,0.715,0.55,0.1864406779661017,0.27848101265822783,0.7121649236687103,0.5005757642508438,0.27156056690843516,0.2765957446808511,0.3559322033898305,0.6325279480706816
Hybrid,wer + compression_ratio + unique_token_ratio,wer|compression_ratio|unique_token_ratio,3,0.725,0.6666666666666666,0.13559322033898305,0.22535211267605634,0.7346435869695878,0.5579970258631177,0.3224501341634034,0.2127659574468085,0.423728813559322,0.6364947710061305
Hybrid,wer + compression_ratio + lm_avg_neg_logprob,wer|compression_ratio|lm_avg_neg_logprob,3,0.725,0.7,0.11864406779661017,0.2028985507246377,0.6978002163721602,0.5430373246139012,0.3306099897090121,0.16312056737588654,0.4745762711864407,0.6376968385623272
Hybrid,wer + compression_ratio + lm_surprisal_std,wer|compression_ratio|lm_surprisal_std,3,0.725,0.7,0.11864406779661017,0.2028985507246377,0.6980406298833995,0.5231156409296076,0.31398617582486343,0.19858156028368795,0.4406779661016949,0.6392595263853829
ASR_only,wer + compression_ratio,wer|compression_ratio,2,0.725,0.7,0.11864406779661017,0.2028985507246377,0.7032095203750451,0.513108428670576,0.2999435754479,0.20567375886524822,0.4406779661016949,0.6463517249669432
Hybrid,wer + compression_ratio + repetition_ratio,wer|compression_ratio|repetition_ratio,3,0.725,0.7,0.11864406779661017,0.2028985507246377,0.7032095203750451,0.513108428670576,0.2999436044185141,0.20567375886524822,0.4406779661016949,0.6463517249669432
Hybrid,wer + compression_ratio + lm_perplexity,wer|compression_ratio|lm_perplexity,3,0.725,0.7,0.11864406779661017,0.2028985507246377,0.7011660055295108,0.5123864616008407,0.30253893054137154,0.20567375886524822,0.4406779661016949,0.6463517249669432
Hybrid,compression_ratio + lm_avg_neg_logprob + unique_token_ratio,compression_ratio|lm_avg_neg_logprob|unique_token_ratio,3,0.74,0.7333333333333333,0.1864406779661017,0.2972972972972973,0.6940738069479504,0.5264947976062073,0.3001237950858077,0.20567375886524822,0.4406779661016949,0.6463517249669432
Hybrid,compression_ratio + lm_surprisal_std + unique_token_ratio,compression_ratio|lm_surprisal_std|unique_token_ratio,3,0.73,0.6923076923076923,0.15254237288135594,0.25,0.7030893136194255,0.5249417263885949,0.29326399787681834,0.22695035460992907,0.423728813559322,0.6506791681692511
ASR_only,compression_ratio,compression_ratio,1,0.725,0.7,0.11864406779661017,0.2028985507246377,0.6967784589493929,0.508639445714273,0.2952846152347573,0.2198581560283688,0.4406779661016949,0.6605361221300637
Hybrid,compression_ratio + repetition_ratio,compression_ratio|repetition_ratio,2,0.725,0.7,0.11864406779661017,0.2028985507246377,0.6967784589493929,0.508639445714273,0.2952846575570578,0.2198581560283688,0.4406779661016949,0.6605361221300637
Hybrid,compression_ratio + lm_perplexity,compression_ratio|lm_perplexity,2,0.725,0.7,0.11864406779661017,0.2028985507246377,0.6949152542372881,0.509793774810808,0.29826530290112907,0.2198581560283688,0.4406779661016949,0.6605361221300637
Hybrid,compression_ratio + lm_perplexity + repetition_ratio,compression_ratio|lm_perplexity|repetition_ratio,3,0.725,0.7,0.11864406779661017,0.2028985507246377,0.6949152542372881,0.509793774810808,0.2982652968307516,0.2198581560283688,0.4406779661016949,0.6605361221300637
Hybrid,compression_ratio + lm_avg_neg_logprob + lm_surprisal_std,compression_ratio|lm_avg_neg_logprob|lm_surprisal_std,3,0.73,0.6923076923076923,0.15254237288135594,0.25,0.6798894097848299,0.5169385676288186,0.30442596955619217,0.20567375886524822,0.4576271186440678,0.663300877509316
Hybrid,compression_ratio + lm_surprisal_std,compression_ratio|lm_surprisal_std,2,0.72,0.6363636363636364,0.11864406779661017,0.2,0.6889049164563048,0.516472096252346,0.30303853876895787,0.22695035460992907,0.4406779661016949,0.667628320711624
Hybrid,compression_ratio + lm_surprisal_std + repetition_ratio,compression_ratio|lm_surprisal_std|repetition_ratio,3,0.72,0.6363636363636364,0.11864406779661017,0.2,0.6889049164563048,0.516472096252346,0.30303853742178116,0.22695035460992907,0.4406779661016949,0.667628320711624
Hybrid,compression_ratio + lm_avg_neg_logprob,compression_ratio|lm_avg_neg_logprob,2,0.73,0.6923076923076923,0.15254237288135594,0.25,0.6866209880995312,0.5190877120217989,0.3031312783034692,0.2127659574468085,0.4576271186440678,0.6703930760908763
Hybrid,compression_ratio + lm_avg_neg_logprob + repetition_ratio,compression_ratio|lm_avg_neg_logprob|repetition_ratio,3,0.73,0.6923076923076923,0.15254237288135594,0.25,0.6866209880995312,0.5190877120217989,0.3031312177645166,0.2127659574468085,0.4576271186440678,0.6703930760908763
Hybrid,compression_ratio + lm_avg_neg_logprob + lm_perplexity,compression_ratio|lm_avg_neg_logprob|lm_perplexity,3,0.73,0.6923076923076923,0.15254237288135594,0.25,0.6863805745882919,0.5180145723348667,0.3031706241649491,0.2127659574468085,0.4576271186440678,0.6703930760908763
Hybrid,compression_ratio + lm_perplexity + lm_surprisal_std,compression_ratio|lm_perplexity|lm_surprisal_std,3,0.72,0.6363636363636364,0.11864406779661017,0.2,0.6839764394758986,0.5125589245550721,0.3261115097126684,0.14893617021276595,0.5254237288135594,0.6743598990263253
LM_only,lm_avg_neg_logprob + unique_token_ratio,lm_avg_neg_logprob|unique_token_ratio,2,0.705,0.5,0.1864406779661017,0.2716049382716049,0.691729775213367,0.49950506225236424,0.2763845317091902,0.2695035460992908,0.4067796610169492,0.6762832071162399
Hybrid,compression_ratio + unique_token_ratio,compression_ratio|unique_token_ratio,2,0.725,0.6666666666666666,0.13559322033898305,0.22535211267605634,0.7145089554032936,0.5257396877247671,0.2924765450254345,0.24113475177304963,0.4406779661016949,0.6818127178747445
Hybrid,compression_ratio + repetition_ratio + unique_token_ratio,compression_ratio|repetition_ratio|unique_token_ratio,3,0.725,0.6666666666666666,0.13559322033898305,0.22535211267605634,0.7145089554032936,0.5257396877247671,0.29247655708809966,0.24113475177304963,0.4406779661016949,0.6818127178747445
Hybrid,compression_ratio + lm_perplexity + unique_token_ratio,compression_ratio|lm_perplexity|unique_token_ratio,3,0.73,0.7272727272727273,0.13559322033898305,0.22857142857142856,0.7139079216251953,0.5260685950245336,0.2939985061031976,0.24113475177304963,0.4406779661016949,0.6818127178747445
LM_only,lm_avg_neg_logprob + lm_perplexity + lm_surprisal_std + repetition_ratio + unique_token_ratio,lm_avg_neg_logprob|lm_perplexity|lm_surprisal_std|repetition_ratio|unique_token_ratio,5,0.705,0.5,0.1864406779661017,0.2716049382716049,0.6930520495251833,0.4954897832080831,0.29324425876223253,0.22695035460992907,0.4576271186440678,0.6845774732539969
LM_only,lm_perplexity + lm_surprisal_std,lm_perplexity|lm_surprisal_std,2,0.695,0.0,0.0,0.0,0.5877509316023561,0.3276597137205205,0.282580928754442,0.48226950354609927,0.288135593220339,0.7704050967664382
LM_only,lm_surprisal_std,lm_surprisal_std,1,0.705,0.0,0.0,0.0,0.5715230195937012,0.3195168835330742,0.2838470849129987,0.48936170212765956,0.288135593220339,0.7774972953479986
LM_only,lm_surprisal_std + repetition_ratio,lm_surprisal_std|repetition_ratio,2,0.705,0.0,0.0,0.0,0.5715230195937012,0.3195168835330742,0.2838469081061834,0.48936170212765956,0.288135593220339,0.7774972953479986
Hybrid,wer + lm_perplexity,wer|lm_perplexity,2,0.705,0.0,0.0,0.0,0.5697800216372161,0.36864927967777855,0.3084335870169052,0.12056737588652482,0.6610169491525424,0.7815843250390672
Hybrid,wer + lm_perplexity + repetition_ratio,wer|lm_perplexity|repetition_ratio,3,0.705,0.0,0.0,0.0,0.5697800216372161,0.36864927967777855,0.3084328753801729,0.12056737588652482,0.6610169491525424,0.7815843250390672
Hybrid,wer + lm_avg_neg_logprob + lm_surprisal_std,wer|lm_avg_neg_logprob|lm_surprisal_std,3,0.715,0.75,0.05084745762711865,0.09523809523809523,0.6290419521577113,0.44166187169467463,0.30545773082868305,0.2907801418439716,0.4915254237288136,0.7823055655727852
Hybrid,wer + lm_avg_neg_logprob,wer|lm_avg_neg_logprob,2,0.715,0.75,0.05084745762711865,0.09523809523809523,0.62952277918019,0.4372724883309248,0.3059436208205033,0.2978723404255319,0.4915254237288136,0.7893977641543455
Hybrid,wer + lm_avg_neg_logprob + lm_perplexity,wer|lm_avg_neg_logprob|lm_perplexity,3,0.715,0.75,0.05084745762711865,0.09523809523809523,0.62952277918019,0.4372724883309248,0.30597807913204866,0.2978723404255319,0.4915254237288136,0.7893977641543455
Hybrid,wer + lm_avg_neg_logprob + repetition_ratio,wer|lm_avg_neg_logprob|repetition_ratio,3,0.715,0.75,0.05084745762711865,0.09523809523809523,0.62952277918019,0.4372724883309248,0.305943571401941,0.2978723404255319,0.4915254237288136,0.7893977641543455
LM_only,lm_avg_neg_logprob + lm_surprisal_std,lm_avg_neg_logprob|lm_surprisal_std,2,0.72,0.8,0.06779661016949153,0.125,0.6283808150018031,0.4369980043957814,0.3791110710017871,0.11347517730496454,0.6779661016949152,0.7914412789998797
LM_only,lm_avg_neg_logprob,lm_avg_neg_logprob,1,0.72,0.8,0.06779661016949153,0.125,0.6275393677124655,0.4351300696423033,0.30683310412332854,0.28368794326241137,0.5084745762711864,0.7921625195335977
LM_only,lm_avg_neg_logprob + lm_perplexity,lm_avg_neg_logprob|lm_perplexity,2,0.72,0.8,0.06779661016949153,0.125,0.6275393677124655,0.4351300696423033,0.3067921051304877,0.28368794326241137,0.5084745762711864,0.7921625195335977
LM_only,lm_avg_neg_logprob + repetition_ratio,lm_avg_neg_logprob|repetition_ratio,2,0.72,0.8,0.06779661016949153,0.125,0.6275393677124655,0.4351300696423033,0.30683308912603946,0.28368794326241137,0.5084745762711864,0.7921625195335977
LM_only,lm_perplexity,lm_perplexity,1,0.705,0.0,0.0,0.0,0.6275393677124655,0.4351300696423033,0.3109508921857056,0.28368794326241137,0.5084745762711864,0.7921625195335977
LM_only,lm_perplexity + repetition_ratio,lm_perplexity|repetition_ratio,2,0.705,0.0,0.0,0.0,0.6275393677124655,0.4351300696423033,0.3109508896505684,0.28368794326241137,0.5084745762711864,0.7921625195335977
Hybrid,wer + lm_perplexity + lm_surprisal_std,wer|lm_perplexity|lm_surprisal_std,3,0.705,0.0,0.0,0.0,0.587811034980166,0.340616890282513,0.27963000034489094,0.48936170212765956,0.3050847457627119,0.7944464478903714
ASR_only,wer,wer,1,0.705,0.0,0.0,0.0,0.5137035701406419,0.3262106409502953,0.2986387737764017,0.1276595744680851,0.6949152542372882,0.8225748287053732
Hybrid,wer + repetition_ratio,wer|repetition_ratio,2,0.705,0.0,0.0,0.0,0.5137035701406419,0.3262106409502953,0.29863886617084523,0.1276595744680851,0.6949152542372882,0.8225748287053732
Hybrid,wer + lm_surprisal_std,wer|lm_surprisal_std,2,0.705,0.0,0.0,0.0,0.5713427094602717,0.3394578607795126,0.29401233367391083,0.3475177304964539,0.5084745762711864,0.8559923067676403
Hybrid,wer + lm_surprisal_std + repetition_ratio,wer|lm_surprisal_std|repetition_ratio,3,0.705,0.0,0.0,0.0,0.5713427094602717,0.3394578607795126,0.2940124943462073,0.3475177304964539,0.5084745762711864,0.8559923067676403
LM_only,repetition_ratio,repetition_ratio,1,0.705,0.0,0.0,0.0,0.49645390070921985,0.295,0.2947143660619174,1.0,0.0,1.0
