dataset,sample_id,reference_text,pred_text,wer,avg_logprob,no_speech_prob,compression_ratio,label_3class,hallucination_binary,annotator_id,notes
adversarial,adv_2961-960-0003,THEY WERE ABSORBED IN HIS THEOLOGY AND WERE UNDER THE DOMINION OF HIS NAME WHILE THAT WHICH WAS TRULY GREAT AND TRULY CHARACTERISTIC IN HIM HIS EFFORT TO REALIZE AND CONNECT ABSTRACTIONS WAS NOT UNDERSTOOD BY THEM AT ALL,"They were absorbed in theology and were under the command of the three. While that was truly great and truly direct to this element, this approach realized in the last instructions was not understood by them at all.",1.0,-0.4890616734822591,0.1993405371904373,1.5140845070422533,Hallucination Error,hallucination,member_4,
adversarial,adv_8555-284447-0017,WHEN THIS HAD BEEN ACCOMPLISHED THE BOOLOOROO LEANED OVER TO TRY TO DISCOVER WHY THE FRAME ROLLED AWAY SEEMINGLY OF ITS OWN ACCORD AND HE WAS THE MORE PUZZLED BECAUSE IT HAD NEVER DONE SUCH A THING BEFORE,And he was one of the most popular victims in the other gun sessions.,1.0,-1.3021903567843969,0.1825880110263824,1.0,Hallucination Error,hallucination,member_4,
adversarial,adv_2300-131720-0005,WHY IF WE ERECT A STATION AT THE FALLS IT IS A GREAT ECONOMY TO GET IT UP TO THE CITY,"Why, if we erect a station at the falls, it is a great economy to give it up to the city.",1.0,-0.3531595159459997,0.0725543424487114,1.1125,Non-Hallucination Error,no_hallucination,member_4,
adversarial,adv_5142-36377-0022,I WISH YOU GOOD NIGHT SHE LAID HER BONY HANDS ON THE BACK OF MISTER MEADOWCROFT'S INVALID CHAIR CUT HIM SHORT IN HIS FAREWELL SALUTATION TO ME AND WHEELED HIM OUT TO HIS BED AS IF SHE WERE WHEELING HIM OUT TO HIS GRAVE,I wish you would. Today we're going to hand them back with the Symmetacolc Sable Chair. I'm going to shorten this farewell song to the patient. And feel the mouth of the dead and if she will feel the mouth of the spirit.,0.9772727272727272,-0.9216361045837402,0.3405456244945526,1.476510067114094,Hallucination Error,hallucination,member_4,
adversarial,adv_8455-210777-0040,THEN SAID SIR FERDINANDO THERE IS NOTHING FOR IT BUT THAT HE MUST TAKE YOU WITH HIM,"Then, says Sir Fernando, there is nothing for it but that we must take you with him.",1.0,-0.3698254046232804,0.0792505294084549,1.05,Non-Hallucination Error,no_hallucination,member_4,
adversarial,adv_5683-32866-0023,ALL THE FURNITURE BELONGED TO OTHER TIMES,All the fractional norms are the same.,1.0,-1.0388978322347004,0.2509231269359588,0.8837209302325582,Hallucination Error,hallucination,member_4,
adversarial,adv_4992-41806-0001,TO NIGHT THERE WAS NO NEED OF EXTRA HEAT AND THERE WERE GREAT CEREMONIES TO BE OBSERVED IN LIGHTING THE FIRES ON THE HEARTHSTONES,"Tonight there was no leader actually, and there was great tenderness to be a person like the fires on the hearts of animals.",1.0,-0.8864532996868265,0.2917171716690063,1.2783505154639174,Hallucination Error,hallucination,member_4,
adversarial,adv_8555-292519-0015,HE HAD BROKEN INTO HER COURTYARD,"You have something to be sure of, Kirt Lines.",1.5,-1.2386995553970337,0.3244033753871918,0.8823529411764706,Hallucination Error,hallucination,member_4,
adversarial,adv_2830-3979-0004,IT WAS WRITTEN IN LATIN,It was written in the writing.,1.2,-0.7395174503326416,0.3984888792037964,0.8823529411764706,Hallucination Error,hallucination,member_4,
adversarial,adv_3729-6852-0032,SIMPLY BY STOPPING HER CARRIAGE TWO OR THREE TIMES BEFORE THE SHOP TO HAVE HER SNUFF BOX FILLED AND BY SAYING ALOUD TO THE YOUNG GIRL WHO HANDED BACK THE BOX THAT HER SNUFF WAS THE VERY BEST IN PARIS,"Since she was about to be her character two or three times before the shot, an adverb turned off still, and by saying aloud to the young girls who managed to act the most at first not, was a very apt encounter.",1.05,-0.759502615247454,0.334631472826004,1.4583333333333333,Hallucination Error,hallucination,member_4,
adversarial,adv_7127-75946-0020,FAR FROM IT SIRE YOUR MAJESTY HAVING GIVEN NO DIRECTIONS ABOUT IT THE MUSICIANS HAVE RETAINED IT,"On the front of the sire, the majesty has given no directions about it, but the musicians are repented.",1.1176470588235294,-0.595926496717665,0.2735722362995147,1.1839080459770115,Hallucination Error,hallucination,member_4,
adversarial,adv_4446-2271-0005,SHE SAVES HER HAND TOO SHE'S AT HER BEST IN THE SECOND ACT,She saves her hands too. She had her best in the same way.,1.0,-0.7375109990437826,0.1261151731014251,1.0,Hallucination Error,hallucination,member_4,
adversarial,adv_8455-210777-0062,WHEN DO YOU INTEND THAT THE JOHN BRIGHT SHALL START,When you intend on the job right shall start.,1.0,-0.5551864183866061,0.1355147957801818,0.8490566037735849,Non-Hallucination Error,no_hallucination,member_4,
adversarial,adv_7176-88083-0019,AS HE FLEW HIS DOWN REACHING CLUTCHING TALONS WERE NOT HALF A YARD ABOVE THE FUGITIVE'S HEAD,as he flew down reaching clutching towns from off-capitario to his head.,1.0,-0.8728862035842169,0.1285959780216217,1.0434782608695652,Hallucination Error,hallucination,member_4,
adversarial,adv_5142-33396-0020,A HOUSE SMELLS OF SMOKE A SHIP SMELLS OF FROLIC,"A house smells of smoke, a ship smells of fire.",0.9,-0.6608584086100261,0.1192348971962928,1.068181818181818,Non-Hallucination Error,no_hallucination,member_4,
adversarial,adv_672-122797-0059,ONLY THAT ONE ANSWERED THE TREE,Only Act 1. Answer the question.,1.0,-0.8693081048818735,0.1557465642690658,0.8,Hallucination Error,hallucination,member_4,
adversarial,adv_5142-33396-0047,MY MEN POUNDED THE TABLE WITH THEIR FISTS,My hand is in the middle of this.,1.0,-0.7299136320749918,0.2553124129772186,0.8461538461538461,Hallucination Error,hallucination,member_4,
adversarial,adv_5105-28240-0021,BEFORE STARTING IT WAS INDISPENSABLE THAT THE ENGINE OF THE DOBRYNA SHOULD BE REPAIRED TO SAIL UNDER CANVAS ONLY WOULD IN CONTRARY WINDS AND ROUGH SEAS BE BOTH TEDIOUS AND DIFFICULT,"Before starting, it was indispensable that the engine under the greener should be repaired. To sail under canvas only wood in contrary winds and rock seas would be both tedious and difficult.",1.032258064516129,-0.2773102085764815,0.0797631368041038,1.3941605839416058,Non-Hallucination Error,no_hallucination,member_4,
adversarial,adv_908-157963-0016,I PASS AWAY YET I COMPLAIN AND NO ONE HEARS MY VOICE,"I pass away. Yeah, I complain. And no one hears my words.",0.8333333333333334,-0.5183856383613918,0.3593835234642029,0.8769230769230769,Non-Hallucination Error,no_hallucination,member_4,
adversarial,adv_4970-29095-0015,IF I CAN GET PATIENTS,If I can get patience.,0.8,-0.4892133076985677,0.1263564527034759,0.7333333333333333,Non-Hallucination Error,no_hallucination,member_4,
adversarial,adv_7127-75947-0035,GOOD GRACIOUS HAS THE KING ANY RIGHT TO INTERFERE IN MATTERS OF THAT KIND,And Croatia says it can't do anything right to interfere in matters of that kind.,1.0714285714285714,-0.7138951778411865,0.2457964569330215,1.08,Hallucination Error,hallucination,member_4,
adversarial,adv_2961-961-0016,I WILL BRIEFLY DESCRIBE THEM TO YOU AND YOU SHALL READ THE ACCOUNT OF THEM AT YOUR LEISURE IN THE SACRED REGISTERS,"I will speak to the scribes to teach them, and shall be encountered at the completion of the state of graduate school.",0.9545454545454546,-0.9182996068681988,0.395900547504425,1.2421052631578948,Hallucination Error,hallucination,member_4,
adversarial,adv_7127-75947-0003,YES THE CHARACTER WHICH YOUR ROYAL HIGHNESS ASSUMED IS IN PERFECT HARMONY WITH YOUR OWN,"Yes, the character, which you were while behind us assumed, is in perfect harmony with your own.",1.1333333333333333,-0.446178674697876,0.1158660128712654,1.1294117647058823,Hallucination Error,hallucination,member_4,
adversarial,adv_6930-81414-0020,I SAY YOU DO KNOW WHAT THIS MEANS AND YOU MUST TELL US,"I say, you do know what this means, and you must tell us.",0.9230769230769232,-0.3615864954496685,0.2371041029691696,0.9344262295081968,No Error,no_hallucination,member_4,
adversarial,adv_908-157963-0018,AND FEAREST THOU BECAUSE I VANISH AND AM SEEN NO MORE,and here's how the Unpanched Innocence is ended.,1.0,-1.1878699196709528,0.2767786681652069,0.8571428571428571,Hallucination Error,hallucination,member_4,
adversarial,adv_260-123440-0007,I ALMOST THINK I CAN REMEMBER FEELING A LITTLE DIFFERENT,I almost said I didn't ever see it.,0.8,-0.865750239445613,0.4114482700824737,0.813953488372093,Hallucination Error,hallucination,member_4,
adversarial,adv_1188-133604-0028,WELL THEN LAST HERE IS TURNER'S GREEK SCHOOL OF THE HIGHEST CLASS AND YOU DEFINE HIS ART ABSOLUTELY AS FIRST THE DISPLAYING INTENSELY AND WITH THE STERNEST INTELLECT OF NATURAL FORM AS IT IS AND THEN THE ENVELOPMENT OF IT WITH CLOUD AND FIRE,"All then, last, we return to the school of the Highest Five, and we find that our absolute need has certainly been disloyal and intensive, and that concerns me what have gone on at the And then you develop notes, the five and five.",1.0,-1.0262645161341106,0.3207162320613861,1.2558312128922815,Hallucination Error,hallucination,member_4,
adversarial,adv_8230-279154-0023,IN THIS CASE AS IN MOST OTHERS WHAT MAY BE TAKEN AS CERTAIN IN ADVANCE IS RATHER VAGUE,"In this case, as in most others, what they've been taking a certain thing is around your base.",1.0,-0.5207712936401367,0.1375258415937423,1.1058823529411763,Hallucination Error,hallucination,member_4,
adversarial,adv_8463-294825-0002,FIRST AS A PARIS STOCKBROKER LATER AS A CELEBRATED AUTHOR AND YACHTSMAN HE WENT ON FREQUENT VOYAGES TO BRITAIN AMERICA THE MEDITERRANEAN,"First is Harris Topper, later in summary author and gasman. He went on three foot voyages to Britain, America, and Ed's training.",1.0,-0.8774163458082411,0.205490842461586,1.1517857142857142,Hallucination Error,hallucination,member_4,
adversarial,adv_6829-68769-0032,I DISCOVERED AND PUT OUT A FIRE THAT WOULD HAVE DESTROYED THE WHOLE PLANT BUT MARSHALL NEVER EVEN THANKED ME,"I discovered and put out a fire that would have destroyed the whole plant, but Marshall never even picked the.",0.95,-0.5036809539794922,0.1313332915306091,1.1702127659574468,Non-Hallucination Error,no_hallucination,member_4,
adversarial,adv_3575-170457-0027,I CANNOT DENY MYSELF THE GRATIFICATION OF INSERTING SOUTHEY'S REPLY,Thank you for joining us all throughout our presentation. This is a great show to provide.,1.6,-1.0387195918871008,0.1863337755203247,1.125,Hallucination Error,hallucination,member_4,
adversarial,adv_3570-5696-0007,THE USE OF THE WORD WASTE AS A TECHNICAL TERM THEREFORE IMPLIES NO DEPRECATION OF THE MOTIVES OR OF THE ENDS SOUGHT BY THE CONSUMER UNDER THIS CANON OF CONSPICUOUS WASTE,"In use of the word race and training, we'll turn it down to find no verification of the logistics of the N-Sport that comes to the underage camera from the T-Sport.",1.0,-0.946597555409307,0.1339214593172073,1.3553719008264462,Hallucination Error,hallucination,member_4,
adversarial,adv_7176-88083-0027,THEN THE LEADER PARTED FROM THE LINE,"In the near, part of the mind.",1.0,-0.621002197265625,0.296956330537796,0.8571428571428571,Hallucination Error,hallucination,member_4,
adversarial,adv_260-123288-0010,ON THE MAST ALREADY I SEE THE LIGHT PLAY OF A LAMBENT SAINT ELMO'S FIRE THE OUTSTRETCHED SAIL CATCHES NOT A BREATH OF WIND AND HANGS LIKE A SHEET OF LEAD,"I'm an ass-barred, I see the light play, I'm a land of the same devil's fire. The outstretched film catches my breath from men, and hangs like sheath lead.",0.967741935483871,-0.783411423365275,0.158573105931282,1.2916666666666667,Hallucination Error,hallucination,member_4,
adversarial,adv_1284-1180-0018,IT TAKES ME SEVERAL YEARS TO MAKE THIS MAGIC POWDER BUT AT THIS MOMENT I AM PLEASED TO SAY IT IS NEARLY DONE YOU SEE I AM MAKING IT FOR MY GOOD WIFE MARGOLOTTE WHO WANTS TO USE SOME OF IT FOR A PURPOSE OF HER OWN,"It takes me several years to make this magic happen. But at this moment I need to say the very best thing I've ever done is to say I'm making it the magic of my tomorrow. Who wants to do something for her, her business and her own.",1.0,-0.6956968463835169,0.3247038424015045,1.5,Hallucination Error,hallucination,member_4,
adversarial,adv_8463-287645-0001,IT IS HARDLY NECESSARY TO SAY MORE OF THEM HERE,The etern has served to turn more of him here.,1.0,-1.3055821827479772,0.152217835187912,0.8679245283018868,Hallucination Error,hallucination,member_4,
adversarial,adv_7127-75946-0009,NOT AT ALL YOU ARE ON THE CONTRARY MOST AGREEABLE TO ME,"Not at all. You are on the contrary, mostly agreeable.",1.0,-0.5228013431324678,0.1917279213666916,0.9,Non-Hallucination Error,no_hallucination,member_4,
adversarial,adv_8224-274381-0002,WHILE THE FORMER FORETOLD THAT THE SCOTTISH COVENANTERS WERE SECRETLY FORMING A UNION WITH THE ENGLISH PARLIAMENT AND INCULCATED THE NECESSITY OF PREVENTING THEM BY SOME VIGOROUS UNDERTAKING THE LATTER STILL INSISTED THAT EVERY SUCH ATTEMPT WOULD PRECIPITATE THEM INTO MEASURES TO WHICH OTHERWISE THEY WERE NOT PERHAPS INCLINED,One former or poem had the Scottish cabineters who were secretly forming the rule of the English Parliament and inculcated incessantly preventing them by some goodness and thinking. America still insisted that every such attempt would precipitate their intermissions to which otherwise they were not perhaps inclined.,1.0,-0.4983638934235074,0.174367144703865,1.5388349514563109,Hallucination Error,hallucination,member_4,
adversarial,adv_7021-85628-0002,HE WAS SUCH A BIG BOY THAT HE WORE HIGH BOOTS AND CARRIED A JACK KNIFE,"He was sought of able, and he was on loop, and carried to Jack Night.",1.0,-0.7601513181413923,0.1834887415170669,1.0298507462686568,Hallucination Error,hallucination,member_4,
adversarial,adv_6829-68771-0010,THE FAIRVIEW BAND WAS ENGAGED TO DISCOURSE AS MUCH HARMONY AS IT COULD PRODUCE AND THE RESOURCES OF THE GREAT HOUSE WERE TAXED TO ENTERTAIN THE GUESTS,"The fair new air was engaged to discourse as much harmony as it could produce, and the resources of the great House would have to entertain the guests.",1.037037037037037,-0.5158487592424665,0.1029691323637962,1.3130434782608695,Non-Hallucination Error,no_hallucination,member_4,
adversarial,adv_2830-3980-0029,ALTHOUGH THE BRETHREN WITH ME ARE NOT APOSTLES LIKE MYSELF YET THEY ARE ALL OF ONE MIND WITH ME THINK WRITE AND TEACH AS I DO,"Although I'm not going to be out of hospital myself, but they're all the money I'm getting, right, in the same shoes I did.",0.9615384615384616,-0.7492925326029459,0.2360470592975616,1.2058823529411764,Hallucination Error,hallucination,member_4,
adversarial,adv_5142-36377-0019,WHEN I ADDRESSED HIM HE ANSWERED CONSTRAINEDLY,When I address the demands of concern.,0.8571428571428571,-0.7862853136929598,0.1628370583057403,0.8260869565217391,Hallucination Error,hallucination,member_4,
adversarial,adv_1089-134686-0005,THE MUSIC CAME NEARER AND HE RECALLED THE WORDS THE WORDS OF SHELLEY'S FRAGMENT UPON THE MOON WANDERING COMPANIONLESS PALE FOR WEARINESS,"The music came nearer and he recalled the words, the words of Shelley's fragment, of all the moving, wandering, and magnanimous, pale, folkloriousness.",1.0454545454545454,-0.8342738378615606,0.1636367291212082,1.3245614035087718,Hallucination Error,hallucination,member_4,
adversarial,adv_6930-76324-0007,NOW WHAT HAVE YOU TO SAY CYNTHIA SPRAGUE,"Now what have you to say, Sidious Rout?",1.0,-0.469778569539388,0.0494328700006008,0.8297872340425532,Non-Hallucination Error,no_hallucination,member_4,
adversarial,adv_8455-210777-0044,I WAS TO BE TAKEN AWAY AND CARRIED TO ENGLAND OR ELSEWHERE OR DROWNED UPON THE VOYAGE IT MATTERED NOT WHICH,"I was in D.O.A. in Paris, England, in Hellsburg. It was your own home, of course, no matter how much.",0.9523809523809524,-0.6735918145430716,0.1902509480714798,1.074468085106383,Hallucination Error,hallucination,member_4,
adversarial,adv_3570-5694-0018,THE WEARERS OF UNIFORMS AND LIVERIES MAY BE ROUGHLY DIVIDED INTO TWO CLASSES THE FREE AND THE SERVILE OR THE NOBLE AND THE IGNOBLE,"The wearers of uniform deliveries may be directly divided into two classes, the three and the so-called, for the noble and the evil.",1.0,-0.4531724154949188,0.1576166749000549,1.2815533980582523,Hallucination Error,hallucination,member_4,
adversarial,adv_1580-141084-0002,THIS SET OF ROOMS IS QUITE THE OLDEST IN THE COLLEGE AND IT IS NOT UNUSUAL FOR VISITORS TO GO OVER THEM,"The center of the room is like the oldest in the college, and it is not unusual for visitors to go over there.",1.0454545454545454,-0.4185642855507986,0.0918611139059066,1.25,Non-Hallucination Error,no_hallucination,member_4,
adversarial,adv_1089-134686-0015,BUT THE DUSK DEEPENING IN THE SCHOOLROOM COVERED OVER HIS THOUGHTS THE BELL RANG,"But the dust even in this room covered all the spots, the bell man.",1.0,-1.007083190114875,0.1268306225538253,1.0151515151515151,Hallucination Error,hallucination,member_4,
adversarial,adv_61-70968-0019,IT IS ENOUGH SAID GEORGE GAMEWELL SHARPLY AND HE TURNED UPON THE CROWD,"It is enough, said torturing wall sharply, as he turned palm brown.",1.0,-0.8831605409321032,0.1188335046172142,0.9571428571428572,Hallucination Error,hallucination,member_4,
adversarial,adv_7127-75946-0012,THE NEWS CIRCULATED WITH THE RAPIDITY OF LIGHTNING DURING ITS PROGRESS IT KINDLED EVERY VARIETY OF COQUETRY DESIRE AND WILD AMBITION,"can use circulate over a head of the lightning. During its progress, it can look every variety of coca-ture, desire, and wild ambition.",1.0952380952380951,-0.6450445777491519,0.1065225377678871,1.238532110091743,Hallucination Error,hallucination,member_4,
adversarial,adv_7176-92135-0004,FRANKLY I CANNOT ALWAYS SAY,"Frankly, I cannot always say.",0.8,-0.4472908496856689,0.1693315505981445,0.7837837837837838,No Error,no_hallucination,member_4,
adversarial,adv_8555-284449-0001,THEN THEY ALL MARCHED OUT A LITTLE WAY INTO THE FIELDS AND FOUND THAT THE ARMY OF PINKIES HAD ALREADY FORMED AND WAS ADVANCING STEADILY TOWARD THEM,"Then they all march out of the rain to the field, and I'll be on here, maybe inside all the corn, and where the plants and cedars mourn me.",1.0740740740740742,-1.0179522141166355,0.2040368020534515,1.2990654205607477,Hallucination Error,hallucination,member_4,
adversarial,adv_8230-279154-0041,THE DEFINITION OF MY EXPERIENCE IS DIFFICULT BROADLY SPEAKING IT IS EVERYTHING THAT IS CONNECTED WITH WHAT I AM EXPERIENCING NOW BY CERTAIN LINKS OF WHICH THE VARIOUS FORMS OF MEMORY ARE AMONG THE MOST IMPORTANT,The definition of my experience is difficult. Longest reason is everything that's been acted with what I'm experiencing now by certain of which the various ones I've never heard on the most important.,1.0,-0.5017849880716075,0.1219553798437118,1.3888888888888886,Hallucination Error,hallucination,member_4,
adversarial,adv_61-70970-0002,MOST OF ALL ROBIN THOUGHT OF HIS FATHER WHAT WOULD HE COUNSEL,Most of all modern models are harder. What if you cancel?,1.0,-0.7063561015658908,0.1574672758579254,0.95,Hallucination Error,hallucination,member_4,
adversarial,adv_237-126133-0019,DEAR ME EJACULATED THE OLD GENTLEMAN IN THE UTMOST AMAZEMENT AND SUCH A TIME AS I'VE HAD TO GET HER HERE TOO,"Yeah, he's an after that video. And the after one for me. And fuck it, I know I have to get her here too.",1.0909090909090908,-0.8073092795707084,0.5551289319992065,1.1666666666666667,Hallucination Error,hallucination,member_4,
adversarial,adv_5142-36377-0002,THE SOUND OF AN IMPERATIVE AND UNCOMPROMISING BELL RECALLED ME IN DUE TIME TO THE REGIONS OF REALITY,The South End Parade and Uncoperizing Vale recalled me in due time to reason's reality.,1.0,-0.8314230442047119,0.0845756009221077,1.0481927710843373,Hallucination Error,hallucination,member_4,
adversarial,adv_1320-122617-0002,IN OTHER WORDS WHILE HE HAD IMPLICIT FAITH IN THE ABILITY OF BALAAM'S ASS TO SPEAK HE WAS SOMEWHAT SKEPTICAL ON THE SUBJECT OF A BEAR'S SINGING AND YET HE HAD BEEN ASSURED OF THE LATTER ON THE TESTIMONY OF HIS OWN EXQUISITE ORGANS,"In other words, while he had implicit faith in the ability of Patelms to ask to speak, he was somewhat skeptical on the subject of a bear's singing, and yet he had been assured of the latter on a decimal he was only exquisite organs.",1.0227272727272727,-0.3354052225748697,0.0527641810476779,1.4382716049382716,Non-Hallucination Error,no_hallucination,member_4,
adversarial,adv_1188-133604-0037,EVERY LINE IN WHICH THE MASTER TRACES IT EVEN WHERE SEEMINGLY NEGLIGENT IS LOVELY AND SET DOWN WITH A MEDITATIVE CALMNESS WHICH MAKES THESE TWO ETCHINGS CAPABLE OF BEING PLACED BESIDE THE MOST TRANQUIL WORK OF HOLBEIN OR DUERER,"Every morning, after every visit, even I see in the night, with my blood and so down in the meditative calmness, which makes these citizens capable of being great and so much tranquil with the full light of the viewer.",1.0256410256410255,-0.9341236994816706,0.358360081911087,1.4533333333333334,Hallucination Error,hallucination,member_4,
adversarial,adv_260-123286-0023,THE RAFT WAS HEAVED UP ON A WATERY MOUNTAIN AND PITCHED DOWN AGAIN AT A DISTANCE OF TWENTY FATHOMS,The route will speed up our water mountain and it's challenging that this is a 20-ounce.,1.0,-0.9193466020667036,0.0507272966206073,1.0602409638554218,Hallucination Error,hallucination,member_4,
adversarial,adv_1320-122612-0012,EXTINGUISHED BRANDS WERE LYING AROUND A SPRING THE OFFALS OF A DEER WERE SCATTERED ABOUT THE PLACE AND THE TREES BORE EVIDENT MARKS OF HAVING BEEN BROWSED BY THE HORSES,The Exposed Grands were lying around the screen. The Opels of the year was shattering about the place. The dreams were evident marks that had not been Browns by the horses.,1.0333333333333334,-0.7065086364746094,0.192761018872261,1.3333333333333333,Hallucination Error,hallucination,member_4,
adversarial,adv_3575-170457-0024,I DON'T ALWAYS SUCCEED FOR SOMETIMES WHEN I'M TEACHING OR SEWING I WOULD RATHER BE READING OR WRITING BUT I TRY TO DENY MYSELF AND MY FATHER'S APPROBATION AMPLY REWARDED ME FOR THE PRIVATION,"I don't always succeed, because sometimes when I'm teaching or studying, I would rather be reading or writing, but I try to deny my thought, and my father's affirmation, and we reward him with permission.",0.9411764705882352,-0.4202137756347656,0.0874821990728378,1.4166666666666667,Hallucination Error,hallucination,member_4,
adversarial,adv_7176-88083-0006,IT MIGHT HAVE SEEMED THAT A TROUT OF THIS SIZE WAS A FAIRLY SUBSTANTIAL MEAL,It might have seen the drop of this isalaphera with substantial meal.,1.0,-0.8832141876220703,0.1118905693292617,1.0147058823529411,Hallucination Error,hallucination,member_4,
adversarial,adv_4446-2271-0015,A LITTLE ATTACK OF NERVES POSSIBLY,All the work has been done as part of it.,1.6666666666666667,-0.8162732124328613,0.0973176509141922,0.8723404255319149,Hallucination Error,hallucination,member_4,
adversarial,adv_6930-76324-0026,ISN'T HE THE GREATEST FOR GETTING INTO ODD CORNERS,I think he's the greatest comedian of all colors.,1.0,-0.7848572049822126,0.2551473677158355,0.9074074074074074,Hallucination Error,hallucination,member_4,
adversarial,adv_3575-170457-0043,HOWEVER REMEMBERING WHAT YOU TOLD ME NAMELY THAT YOU HAD COMMENDED THE MATTER TO A HIGHER DECISION THAN OURS AND THAT YOU WERE RESOLVED TO SUBMIT WITH RESIGNATION TO THAT DECISION WHATEVER IT MIGHT BE I HOLD IT MY DUTY TO YIELD ALSO AND TO BE SILENT IT MAY BE ALL FOR THE BEST,"However, remembering what you told me, namely that you have tremendous matters to hide decision-making, and that children will often submit in their donations that decision, whatever I do, can hold it in my view to build also and to the sound that they can be all for that.",1.0,-0.6854623556137085,0.0685060247778892,1.6058823529411768,Hallucination Error,hallucination,member_4,
adversarial,adv_4077-13751-0006,THEIR EYES WERE FROM THE FIRST TURNED IN ANTICIPATION TOWARD THE EVENING SUN NOT MERELY THAT THE WORK OF PROSELYTING SHOULD BE CARRIED ON IN THE WEST BUT THAT THE HEADQUARTERS OF THE CHURCH SHOULD BE THERE ESTABLISHED,"Their eyes will come at first, and they will be in anticipation for the evening sun. While apparently that would work with oscillation to be carried on to the west, whether the headquarters of the church should be there as half-wished.",1.0789473684210529,-0.5139823124326509,0.1317192316055297,1.4873417721518989,Hallucination Error,hallucination,member_4,
adversarial,adv_4992-41797-0016,THEY COULDN'T RUN NOR MOVE THEY'RE JUST PASTEBOARD,"They couldn't run a noob, they just paced Lord.",1.125,-0.6538377649643842,0.0376839190721511,0.8867924528301887,Non-Hallucination Error,no_hallucination,member_4,
adversarial,adv_5142-33396-0049,HERE FRIEND TAKE IT AND HE THRUST IT INTO THE FARMER'S HAND,"Here, friend, take it and crush it into the marmots hand.",1.0,-0.9152063068590666,0.1279720515012741,0.9344262295081968,Hallucination Error,hallucination,member_4,
adversarial,adv_5142-36600-0001,IN DETERMINING WHETHER TWO OR MORE ALLIED FORMS OUGHT TO BE RANKED AS SPECIES OR VARIETIES NATURALISTS ARE PRACTICALLY GUIDED BY THE FOLLOWING CONSIDERATIONS NAMELY THE AMOUNT OF DIFFERENCE BETWEEN THEM AND WHETHER SUCH DIFFERENCES RELATE TO FEW OR MANY POINTS OF STRUCTURE AND WHETHER THEY ARE OF PHYSIOLOGICAL IMPORTANCE BUT MORE ESPECIALLY WHETHER THEY ARE CONSTANT,"The turning of the two more allocomontal octenarachnocephalities, that was surprisingly guided by the following iteration, namely the amount of difference between them and the destructive difference that relates to you or many forms of structure and whether they are physiological importance, but more especially whether they are conscious.",1.0,-0.704762434348082,0.3085455298423767,1.642512077294686,Hallucination Error,hallucination,member_4,
adversarial,adv_8224-274384-0001,THE SCOTTISH GENERALS AND COMMISSIONERS AFFECTED GREAT SURPRISE ON THE APPEARANCE OF THE KING AND THOUGH THEY PAID HIM ALL THE EXTERIOR RESPECT DUE TO HIS DIGNITY THEY INSTANTLY SET A GUARD UPON HIM UNDER COLOR OF PROTECTION AND MADE HIM IN REALITY A PRISONER,"The Scottish Daryl and the Englishmen had to great supply the imperative thing, and none had taken all the exuberant respect due to indignity. The incident had set the bar appalling under colour of protection, and they didn't in reality, because of it.",1.0,-0.8782660576605028,0.2877527773380279,1.4736842105263157,Hallucination Error,hallucination,member_4,
adversarial,adv_6829-68771-0000,SO TO THE SURPRISE OF THE DEMOCRATIC COMMITTEE AND ALL HIS FRIENDS MISTER HOPKINS ANNOUNCED THAT HE WOULD OPPOSE FORBES'S AGGRESSIVE CAMPAIGN WITH AN EQUAL AGGRESSIVENESS AND SPEND AS MANY DOLLARS IN DOING SO AS MIGHT BE NECESSARY,"So, to the surprise of the decrepit committee and all the credits, Mr. Hawkins announced that he would close forward to the first campaign with equal successes, and expected as many dollars to do so as necessary.",1.0,-0.7314261578499003,0.1602944135665893,1.394736842105263,Hallucination Error,hallucination,member_4,
adversarial,adv_5105-28240-0022,IT WAS ON THE LAST DAY OF JANUARY THAT THE REPAIRS OF THE SCHOONER WERE COMPLETED,It was on the last day of January. The repairs at the sooner were completed.,1.0,-0.2720483541488647,0.0554145611822605,1.027027027027027,Non-Hallucination Error,no_hallucination,member_4,
adversarial,adv_8455-210777-0011,I DID NOT MEAN SAID CAPTAIN BATTLEAX TO TOUCH UPON PUBLIC SUBJECTS AT SUCH A MOMENT AS THIS,I did not mean to have my life. I thought you were on all the subjects I was more into than this.,1.1666666666666667,-0.6384878487422548,0.1974732875823974,1.1411764705882352,Hallucination Error,hallucination,member_4,
adversarial,adv_6829-68771-0032,HOWEVER HER FEATURES AND FORM MIGHT REPRESS ANY EVIDENCE OF NERVOUSNESS THESE HANDS TOLD A DIFFERENT STORY,"However, teachers of order might procrastinate and it's a nervousness. These hands told a different story.",1.0,-0.588468246459961,0.1276619285345077,1.127659574468085,Hallucination Error,hallucination,member_4,
adversarial,adv_1089-134686-0007,A COLD LUCID INDIFFERENCE REIGNED IN HIS SOUL,"a hole to lose it in difference, the rain in the soul.",1.5,-0.6550403482773725,0.1150744035840034,0.9473684210526316,Hallucination Error,hallucination,member_4,
adversarial,adv_5683-32879-0022,I LIKE YOU STILL RACHEL I'M SURE I'LL ALWAYS LIKE YOU,"I like you so much, I'm sure I'll over-due you.",0.9090909090909092,-0.7730084419250488,0.3474685847759247,0.94,Hallucination Error,hallucination,member_4,
adversarial,adv_5639-40744-0010,IT IS THE ONLY AMENDS I ASK OF YOU FOR THE WRONG YOU HAVE DONE ME,"It is the only amendment I ask of you, the wrong done.",0.9375,-0.5640410815968233,0.2381593137979507,0.9473684210526316,Hallucination Error,hallucination,member_4,
adversarial,adv_908-157963-0025,I SEE THEY LAY HELPLESS AND NAKED WEEPING AND NONE TO ANSWER NONE TO CHERISH THEE WITH MOTHERS SMILES,I see a way that would have been needed. Needed to know names. None is yours to remind us of.,1.0,-0.7697941564744518,0.2832534313201904,1.120481927710843,Hallucination Error,hallucination,member_4,
adversarial,adv_2961-961-0021,BUT I WOULD NOT SPEAK AT THE TIME BECAUSE I WANTED TO REFRESH MY MEMORY,"I'm not stupid, I'm a human, you're a professional.",1.0,-1.2050827874077692,0.3542655706405639,0.9107142857142856,Hallucination Error,hallucination,member_4,
adversarial,adv_8455-210777-0042,YOU HEAR WHAT SIR FERDINANDO BROWN HAS SAID REPLIED CAPTAIN BATTLEAX,You hear what Sir Birdman will say about Captain Alex?,1.0,-1.143710199991862,0.1302470713853836,0.8709677419354839,Hallucination Error,hallucination,member_4,
adversarial,adv_237-134500-0037,BUT EMIL IF I UNDERSTAND THEN ALL OUR GOOD TIMES ARE OVER WE CAN NEVER DO NICE THINGS TOGETHER ANY MORE,"The radio, if I understand, can all our flip times are over. We can never be like this together anymore.",0.9523809523809524,-0.6675189445758688,0.1702545285224914,1.1063829787234043,Hallucination Error,hallucination,member_4,
adversarial,adv_4446-2273-0002,LAMB WOULDN'T CARE A GREAT DEAL ABOUT MANY OF THEM I FANCY,I would care to do it without having to have a high dancing.,1.0833333333333333,-1.1235563614789177,0.2425292283296585,0.967741935483871,Hallucination Error,hallucination,member_4,
adversarial,adv_908-157963-0012,BUT THEL IS LIKE A FAINT CLOUD KINDLED AT THE RISING SUN I VANISH FROM MY PEARLY THRONE AND WHO SHALL FIND MY PLACE,"But hell is like a cave-cloth, gilded by the sun. I lay a short night-dreaming drum, and you shall find my place.",0.9583333333333334,-0.8385539910732172,0.1049219593405723,1.13,Hallucination Error,hallucination,member_4,
adversarial,adv_8230-279154-0002,WHETHER OR NOT THIS PRINCIPLE IS LIABLE TO EXCEPTIONS EVERYONE WOULD AGREE THAT IS HAS A BROAD MEASURE OF TRUTH THOUGH THE WORD EXACTLY MIGHT SEEM AN OVERSTATEMENT AND IT MIGHT SEEM MORE CORRECT TO SAY THAT IDEAS APPROXIMATELY REPRESENT IMPRESSIONS,"When they're not dispensable and reliable to exceptions, everyone would agree that it has a broad measure of truth. The other word is exactly what might seem to overstate. And it might seem more correct to say that I did it across the country to represent the impressions.",1.170731707317073,-0.5106453062996031,0.1536045372486114,1.5027624309392265,Hallucination Error,hallucination,member_4,
adversarial,adv_2830-3980-0000,IN EVERY WAY THEY SOUGHT TO UNDERMINE THE AUTHORITY OF SAINT PAUL,In every way they talk under on the 40th St. Paul.,1.0,-0.6244962355669808,0.169987142086029,0.925925925925926,Hallucination Error,hallucination,member_4,
adversarial,adv_4446-2271-0008,IRENE BURGOYNE ONE OF HER FAMILY TOLD ME IN CONFIDENCE THAT THERE WAS A ROMANCE SOMEWHERE BACK IN THE BEGINNING,"I need her going, one of her family told me in Congress that there was a woman at some of her dad's in the beginning.",1.25,-0.6005521589709867,0.0930797383189201,1.2061855670103092,Hallucination Error,hallucination,member_4,
adversarial,adv_4992-41806-0017,WE SHUT OUR EYES THE FLOWERS BLOOM ON WE MURMUR BUT THE CORN EARS FILL WE CHOOSE THE SHADOW BUT THE SUN THAT CASTS IT SHINES BEHIND US STILL,"We shed our eyes, and the flowers move on. We run her with four years' filth. We choose a shadow by the sun that casted shunts. We hurt us still.",1.0344827586206895,-0.6063464482625326,0.0691750943660736,1.3063063063063065,Hallucination Error,hallucination,member_4,
adversarial,adv_7021-85628-0022,AND ALL HIS BROTHERS AND SISTERS STOOD ROUND AND LISTENED WITH THEIR MOUTHS OPEN,and hold his brothers and sisters stood around and listened with their mouths open.,1.0,-0.4586157268948025,0.1755931377410888,1.1527777777777777,Non-Hallucination Error,no_hallucination,member_4,
adversarial,adv_3575-170457-0053,BUT ANNE HAD BEGUN TO SUFFER JUST BEFORE THE HOLIDAYS AND CHARLOTTE WATCHED OVER HER YOUNGER SISTERS WITH THE JEALOUS VIGILANCE OF SOME WILD CREATURE THAT CHANGES HER VERY NATURE IF DANGER THREATENS HER YOUNG,"But Anne had begun to suffer just before the holidays, and Charlotte watched over her and her other sisters with the jealous image of her to some wild creature, and it changes her very nature in seeing her friends and young.",1.1714285714285717,-0.4993450787602638,0.1386923342943191,1.4834437086092715,Hallucination Error,hallucination,member_4,
adversarial,adv_7127-75947-0039,IN FACT THE SOUND OF MADAME'S AND THE QUEEN'S CARRIAGES COULD BE HEARD IN THE DISTANCE UPON THE HARD DRY GROUND OF THE ROADS FOLLOWED BY THE MOUNTED CAVALIERS,"In fact, the sound of the dams and the clean scourges could be heard in the distance along the hard, dry ground of the roads, followed by an unending outhear.",1.0344827586206895,-0.7058898438798621,0.0795947685837745,1.3859649122807018,Hallucination Error,hallucination,member_4,
adversarial,adv_8555-284449-0006,DON'T WORRY SIZZLE DEAR IT'LL ALL COME RIGHT PRETTY SOON,"Don't worry, Mrs. O'Bare. They all come right to you, too.",1.1,-0.7753425598144531,0.1819888800382614,0.90625,Hallucination Error,hallucination,member_4,
adversarial,adv_3570-5696-0003,A RECONCILIATION BETWEEN THE TWO CONFLICTING REQUIREMENTS IS EFFECTED BY A RESORT TO MAKE BELIEVE MANY AND INTRICATE POLITE OBSERVANCES AND SOCIAL DUTIES OF A CEREMONIAL NATURE ARE DEVELOPED MANY ORGANIZATIONS ARE FOUNDED WITH SOME SPECIOUS OBJECT OF AMELIORATION EMBODIED IN THEIR OFFICIAL STYLE AND TITLE THERE IS MUCH COMING AND GOING AND A DEAL OF TALK TO THE END THAT THE TALKERS MAY NOT HAVE OCCASION TO REFLECT ON WHAT IS THE EFFECTUAL ECONOMIC VALUE OF THEIR TRAFFIC,I reckon...,1.0,-0.8571110566457113,0.3795009553432464,0.5789473684210527,Hallucination Error,hallucination,member_4,
adversarial,adv_6930-76324-0024,THEY SAY ILLUMINATION BY CANDLE LIGHT IS THE PRETTIEST IN THE WORLD,They say elimination of human life will freeze the world.,1.0,-0.644272940499442,0.2921067476272583,0.9047619047619048,Hallucination Error,hallucination,member_4,
adversarial,adv_2961-960-0000,HE PASSES ABRUPTLY FROM PERSONS TO IDEAS AND NUMBERS AND FROM IDEAS AND NUMBERS TO PERSONS FROM THE HEAVENS TO MAN FROM ASTRONOMY TO PHYSIOLOGY HE CONFUSES OR RATHER DOES NOT DISTINGUISH SUBJECT AND OBJECT FIRST AND FINAL CAUSES AND IS DREAMING OF GEOMETRICAL FIGURES LOST IN A FLUX OF SENSE,"He has been directing from persons, ideas, and numbers, as are ideas and numbers for persons. From the heavens and man, how much time he has been deolishing through Jesus, the latter, who has not distinguished such an object, first and final order, and his dream of geological status lost in his bloodless hands.",1.0588235294117647,-0.6327890937710986,0.1181772947311401,1.6421052631578947,Hallucination Error,hallucination,member_4,
adversarial,adv_6829-68771-0036,ELIZA CLOSED THE DOOR BEHIND HER WITH A DECIDED SLAM AND A KEY CLICKED IN THE LOCK,I think most of you are wondering whether to sign this claim and keep on doing it.,1.0,-0.8610641842796689,0.3157339692115783,1.0933333333333333,Hallucination Error,hallucination,member_4,
adversarial,adv_8455-210777-0029,THINKING OF ALL THIS I WENT TO SLEEP,Thinking of all this.,1.0,-0.5130867958068848,0.0934723392128944,0.7241379310344828,Hallucination Error,hallucination,member_4,
adversarial,adv_8224-274381-0010,BY A QUICK AND UNEXPECTED MARCH MONTROSE HASTENED TO INNERLOCHY AND PRESENTED HIMSELF IN ORDER OF BATTLE BEFORE THE SURPRISED BUT NOT AFFRIGHTENED COVENANTERS,"By a quick and unexpected march, Montrose, aced in the Lockheed, and presented himself in order of battle before the surprise of not a frightened permanentist.",1.0833333333333333,-0.5948009490966797,0.1285151988267898,1.2926829268292683,Non-Hallucination Error,no_hallucination,member_4,
adversarial,adv_1320-122617-0035,THEN HEAVING A HEAVY SIGH PROBABLY AMONG THE LAST HE EVER DREW IN PINING FOR A CONDITION HE HAD SO LONG ABANDONED HE ADDED IT IS WHAT I WOULD WISH TO PRACTISE MYSELF AS ONE WITHOUT A CROSS OF BLOOD THOUGH IT IS NOT ALWAYS EASY TO DEAL WITH AN INDIAN AS YOU WOULD WITH A FELLOW CHRISTIAN,"Then, keeping a heavy sigh, probably one of the last, never-druid, and tiny, of our condition, to have so long a day, he added, it is what I would wish to practice myself, as long as I had a cause of life, though it is not always easy to deal with an evening of doing a fellow Christian.",0.9827586206896552,-0.5485757827758789,0.2089307755231857,1.5026178010471205,Hallucination Error,hallucination,member_4,
adversarial,adv_5683-32866-0022,ITS CURTAINS WERE OF THICK AND FADED TAPESTRY,Its curtains were thick and faded top street.,1.0,-0.4117099046707153,0.0538876540958881,0.8490566037735849,Hallucination Error,hallucination,member_4,
adversarial,adv_7127-75946-0028,BY DEGREES ALL HIS HAPPINESS ALL HIS BRILLIANCY SUBSIDED INTO REGRET AND UNEASINESS SO THAT HIS LIMBS LOST THEIR POWER HIS ARMS HUNG HEAVILY BY HIS SIDES AND HIS HEAD DROOPED AS THOUGH HE WAS STUPEFIED,"I agree all his happiness, all his brilliancy, subsided in his regret and uneasiness, so that his limbs lost their power, his arms hung heavily by his sides, and his head grouped as though he was suitable.",1.0277777777777777,-0.3435501163288698,0.164536103606224,1.4963503649635037,Hallucination Error,hallucination,member_4,
