dataset,sample_id,meeting_id,speaker,noise_type,snr_db,reference_text,pred_text,wer,avg_logprob,no_speech_prob,compression_ratio,label_3class,hallucination_binary,annotator_id,notes
librispeech_fallback,ls_0000__clean,,unknown,clean,,THE OTHER VOICE SNAPPED WITH A HARSH URGENCY CLEARLY USED TO COMMAND,"The other voice snapped with a harsh urgency, clearly used to command.",1.0,-0.24677775887882,0.0037613117601722,0.9722222222222222,Non-Hallucination Error,no_hallucination,,
librispeech_fallback,ls_0000__white_10dB,,unknown,white,10.0,THE OTHER VOICE SNAPPED WITH A HARSH URGENCY CLEARLY USED TO COMMAND,"the other voice snapped with a harsh urgency, clearly used to command.",1.0,-0.3408897904788746,0.0163866430521011,1.0,Non-Hallucination Error,no_hallucination,,
librispeech_fallback,ls_0000__pink_10dB,,unknown,pink,10.0,THE OTHER VOICE SNAPPED WITH A HARSH URGENCY CLEARLY USED TO COMMAND,"The other voice snapped with a harsh urgency, clearly used to command.",1.0,-0.2641421766842113,0.0056313318200409,0.9722222222222222,Non-Hallucination Error,no_hallucination,,
librispeech_fallback,ls_0000__babble_10dB,,unknown,babble,10.0,THE OTHER VOICE SNAPPED WITH A HARSH URGENCY CLEARLY USED TO COMMAND,"The other voice snapped with a harsh urgency, clearly used to command.",1.0,-0.3289613162769991,0.0266451351344585,0.9722222222222222,Non-Hallucination Error,no_hallucination,,
librispeech_fallback,ls_0001__clean,,unknown,clean,,WHERE IS THAT,Where is that?,1.0,-0.500528267451695,0.021470908075571,0.6363636363636364,Non-Hallucination Error,no_hallucination,,
librispeech_fallback,ls_0001__white_10dB,,unknown,white,10.0,WHERE IS THAT,Where is that?,1.0,-0.4734684399196079,0.0207639895379543,0.6363636363636364,Non-Hallucination Error,no_hallucination,,
librispeech_fallback,ls_0001__pink_10dB,,unknown,pink,10.0,WHERE IS THAT,Where is that?,1.0,-0.4824363844735281,0.0224622152745723,0.6363636363636364,Non-Hallucination Error,no_hallucination,,
librispeech_fallback,ls_0001__babble_10dB,,unknown,babble,10.0,WHERE IS THAT,Where is that?,1.0,-0.4607198578970773,0.0192283634096384,0.6363636363636364,Non-Hallucination Error,no_hallucination,,
librispeech_fallback,ls_0002__clean,,unknown,clean,,OH NO I'M QUITE SURE HE DIDN'T,"Oh no, I'm quite sure he didn't.",1.0,-0.2452484709875924,0.0140021760016679,0.8,Non-Hallucination Error,no_hallucination,,
librispeech_fallback,ls_0002__white_10dB,,unknown,white,10.0,OH NO I'M QUITE SURE HE DIDN'T,"Oh no, I'm quite sure he didn't.",1.0,-0.2916233198983328,0.1492895781993866,0.8,Non-Hallucination Error,no_hallucination,,
librispeech_fallback,ls_0002__pink_10dB,,unknown,pink,10.0,OH NO I'M QUITE SURE HE DIDN'T,"Oh no, I'm quite sure he didn't.",1.0,-0.2627671616418021,0.0133855529129505,0.8,Non-Hallucination Error,no_hallucination,,
librispeech_fallback,ls_0002__babble_10dB,,unknown,babble,10.0,OH NO I'M QUITE SURE HE DIDN'T,"Oh no, I'm quite sure he didn't.",1.0,-0.2977038792201451,0.0843033492565155,0.8,Non-Hallucination Error,no_hallucination,,
librispeech_fallback,ls_0003__clean,,unknown,clean,,NOT EXACTLY RETURNED KALIKO,"Not exactly, we've turned calico.",1.25,-0.4201932350794474,0.024746736511588,0.8048780487804879,Non-Hallucination Error,no_hallucination,,
librispeech_fallback,ls_0003__white_10dB,,unknown,white,10.0,NOT EXACTLY RETURNED KALIKO,"Not exactly, between Calico.",1.0,-0.6894968032836915,0.0374714694917202,0.7777777777777778,Non-Hallucination Error,no_hallucination,,
librispeech_fallback,ls_0003__pink_10dB,,unknown,pink,10.0,NOT EXACTLY RETURNED KALIKO,"Not exactly, we've turned calico.",1.25,-0.4042524099349975,0.0222372375428676,0.8048780487804879,Non-Hallucination Error,no_hallucination,,
librispeech_fallback,ls_0003__babble_10dB,,unknown,babble,10.0,NOT EXACTLY RETURNED KALIKO,"Not exactly, we've seen Calico.",1.25,-0.6999609470367432,0.0550497025251388,0.7948717948717948,Non-Hallucination Error,no_hallucination,,
librispeech_fallback,ls_0004__clean,,unknown,clean,,I ALSO OFFERED TO HELP YOUR BROTHER TO ESCAPE BUT HE WOULD NOT GO,"I also offered to help your brother to escape, but he would not go.",0.9285714285714286,-0.2208943868938245,0.028289882466197,0.9710144927536232,Non-Hallucination Error,no_hallucination,,
librispeech_fallback,ls_0004__white_10dB,,unknown,white,10.0,I ALSO OFFERED TO HELP YOUR BROTHER TO ESCAPE BUT HE WOULD NOT GO,"I also offered to help your mother to escape, but he would not go.",0.9285714285714286,-0.2753913779007761,0.059128925204277,0.9705882352941176,Non-Hallucination Error,no_hallucination,,
librispeech_fallback,ls_0004__pink_10dB,,unknown,pink,10.0,I ALSO OFFERED TO HELP YOUR BROTHER TO ESCAPE BUT HE WOULD NOT GO,"I also offered to help your brother to escape, but he would not go.",0.9285714285714286,-0.2148612172980057,0.0278650969266891,0.9710144927536232,Non-Hallucination Error,no_hallucination,,
librispeech_fallback,ls_0004__babble_10dB,,unknown,babble,10.0,I ALSO OFFERED TO HELP YOUR BROTHER TO ESCAPE BUT HE WOULD NOT GO,"I also offered to help the mother to escape, but he would not go.",0.9285714285714286,-0.3132859029267963,0.0525340065360069,0.9701492537313432,Non-Hallucination Error,no_hallucination,,
librispeech_fallback,ls_0005__clean,,unknown,clean,,HAVING RETURNED TO THE ROYAL CAVERN KALIKO FIRST POUNDED THE GONG AND THEN SAT IN THE THRONE WEARING RUGGEDO'S DISCARDED RUBY CROWN AND HOLDING IN HIS HAND THE SCEPTRE WHICH RUGGEDO HAD SO OFTEN THROWN AT HIS HEAD,"Having returned to the Royal Cavern, Calico first pounded the gong and then sat into the throne, wearing Regato's discarded ruby crown and holding in his hand the scepter which Regato had so often thrown at his head.",1.0,-0.260072477932634,0.0029330502729862,1.469387755102041,Non-Hallucination Error,no_hallucination,,
librispeech_fallback,ls_0005__white_10dB,,unknown,white,10.0,HAVING RETURNED TO THE ROYAL CAVERN KALIKO FIRST POUNDED THE GONG AND THEN SAT IN THE THRONE WEARING RUGGEDO'S DISCARDED RUBY CROWN AND HOLDING IN HIS HAND THE SCEPTRE WHICH RUGGEDO HAD SO OFTEN THROWN AT HIS HEAD,"Having returned to the Royal Cavern, Calico first pounded the gong and then sat into the throne, wearing reggaetos, discarded ruby crown, and holding in his hand the scepter which reggaetor had so often thrown at his head.",1.0,-0.3060777631856627,0.0457577034831047,1.48,Non-Hallucination Error,no_hallucination,,
librispeech_fallback,ls_0005__pink_10dB,,unknown,pink,10.0,HAVING RETURNED TO THE ROYAL CAVERN KALIKO FIRST POUNDED THE GONG AND THEN SAT IN THE THRONE WEARING RUGGEDO'S DISCARDED RUBY CROWN AND HOLDING IN HIS HAND THE SCEPTRE WHICH RUGGEDO HAD SO OFTEN THROWN AT HIS HEAD,"Having returned to the Royal Cavern, Calico first pounded the gong and then sat into the throne, wearing Regato's discarded ruby crown and holding in his hand the scepter which Regato had so often thrown at his head.",1.0,-0.2534589274176236,0.0032707110513001,1.469387755102041,Non-Hallucination Error,no_hallucination,,
librispeech_fallback,ls_0005__babble_10dB,,unknown,babble,10.0,HAVING RETURNED TO THE ROYAL CAVERN KALIKO FIRST POUNDED THE GONG AND THEN SAT IN THE THRONE WEARING RUGGEDO'S DISCARDED RUBY CROWN AND HOLDING IN HIS HAND THE SCEPTRE WHICH RUGGEDO HAD SO OFTEN THROWN AT HIS HEAD,"Having returned to the Royal Cavern, Calico first pounded the gong and then saddened the throne, wearing Legolas discarded ruby crown and holding in his hand the scepter which Legolas had so often thrown at his head.",1.0,-0.3215274810791015,0.028625164180994,1.4594594594594594,Non-Hallucination Error,no_hallucination,,
librispeech_fallback,ls_0006__clean,,unknown,clean,,THE STRENGTH THAT ENABLES SOMEONE IN A TRANCE TO HOLD HIS BODY STIFF AND UNSUPPORTED EXCEPT AT TWO POINTS THE HEAD AND HEELS,"The strength that enables someone in a trance to hold his body stiff and unsupported except at two points, the head and heels.",1.0,-0.1437450177741773,0.0040650330483913,1.2352941176470589,Hallucination Error,hallucination,,
librispeech_fallback,ls_0006__white_10dB,,unknown,white,10.0,THE STRENGTH THAT ENABLES SOMEONE IN A TRANCE TO HOLD HIS BODY STIFF AND UNSUPPORTED EXCEPT AT TWO POINTS THE HEAD AND HEELS,"The strength that enables someone in a trance to hold his body stiff and unsupported except at two points, the head and heels.",1.0,-0.1689726945125695,0.0077662970870733,1.2352941176470589,Hallucination Error,hallucination,,
librispeech_fallback,ls_0006__pink_10dB,,unknown,pink,10.0,THE STRENGTH THAT ENABLES SOMEONE IN A TRANCE TO HOLD HIS BODY STIFF AND UNSUPPORTED EXCEPT AT TWO POINTS THE HEAD AND HEELS,"The strength that enables someone in a trance to hold his body stiff and unsupported except at two points, the head and heels.",1.0,-0.1408074985850941,0.0042577004060149,1.2352941176470589,Hallucination Error,hallucination,,
librispeech_fallback,ls_0006__babble_10dB,,unknown,babble,10.0,THE STRENGTH THAT ENABLES SOMEONE IN A TRANCE TO HOLD HIS BODY STIFF AND UNSUPPORTED EXCEPT AT TWO POINTS THE HEAD AND HEELS,"The strength that enables someone in a trance to hold his body stiff and unsupported except at two points, the head and heels.",1.0,-0.1717376853480483,0.0033605846110731,1.2352941176470589,Hallucination Error,hallucination,,
librispeech_fallback,ls_0007__clean,,unknown,clean,,HE THOUGHT IT WAS A LAST BURST OF ENERGY HE KNEW HOW CLOSE THEY BOTH WERE TO EXHAUSTION,He thought it was the last burst of energy. He knew how close they both were to exhaustion.,1.0,-0.1650652503967285,0.0099950339645147,1.1097560975609757,Hallucination Error,hallucination,,
librispeech_fallback,ls_0007__white_10dB,,unknown,white,10.0,HE THOUGHT IT WAS A LAST BURST OF ENERGY HE KNEW HOW CLOSE THEY BOTH WERE TO EXHAUSTION,He thought it was the last burst of energy. He knew how close they both were to exhaustion.,1.0,-0.2187272453308105,0.0136445807293057,1.1097560975609757,Non-Hallucination Error,no_hallucination,,
librispeech_fallback,ls_0007__pink_10dB,,unknown,pink,10.0,HE THOUGHT IT WAS A LAST BURST OF ENERGY HE KNEW HOW CLOSE THEY BOTH WERE TO EXHAUSTION,He thought it was the last burst of energy. He knew how close they both were to exhaustion.,1.0,-0.1681938171386718,0.0136061878874897,1.1097560975609757,Hallucination Error,hallucination,,
librispeech_fallback,ls_0007__babble_10dB,,unknown,babble,10.0,HE THOUGHT IT WAS A LAST BURST OF ENERGY HE KNEW HOW CLOSE THEY BOTH WERE TO EXHAUSTION,He thought it was the last burst of energy. He knew how close they both were to exhaustion.,1.0,-0.194943790435791,0.0185582507401704,1.1097560975609757,Hallucination Error,hallucination,,
librispeech_fallback,ls_0008__clean,,unknown,clean,,THERE WAS SILENCE THEN AND STILL WONDERING BRION WAS ONCE MORE ASLEEP,"There was silence then, and, still wondering, Brienne was once more asleep.",1.0,-0.210510778427124,0.0051330844871699,1.0273972602739727,Non-Hallucination Error,no_hallucination,,
librispeech_fallback,ls_0008__white_10dB,,unknown,white,10.0,THERE WAS SILENCE THEN AND STILL WONDERING BRION WAS ONCE MORE ASLEEP,"There was silence then, and still wondering, Brienne was once more asleep.",1.0,-0.3340739450956645,0.0225787498056888,1.0277777777777777,Non-Hallucination Error,no_hallucination,,
librispeech_fallback,ls_0008__pink_10dB,,unknown,pink,10.0,THERE WAS SILENCE THEN AND STILL WONDERING BRION WAS ONCE MORE ASLEEP,"There was silence then, and, still wondering, Brienne was once more asleep.",1.0,-0.2218017578125,0.0046744616702198,1.0273972602739727,Non-Hallucination Error,no_hallucination,,
librispeech_fallback,ls_0008__babble_10dB,,unknown,babble,10.0,THERE WAS SILENCE THEN AND STILL WONDERING BRION WAS ONCE MORE ASLEEP,"There was silence then, and still wondering, Brian was once more asleep.",1.0,-0.3704177538553874,0.0258749574422836,1.0,Non-Hallucination Error,no_hallucination,,
librispeech_fallback,ls_0009__clean,,unknown,clean,,HE WAS IN REVERIE SLIDING ALONG THE BORDERS OF CONSCIOUSNESS,"He was in the river, sliding along the borders of consciousness.",1.1,-0.3261412382125854,0.0133955962955951,0.9552238805970148,Non-Hallucination Error,no_hallucination,,
librispeech_fallback,ls_0009__white_10dB,,unknown,white,10.0,HE WAS IN REVERIE SLIDING ALONG THE BORDERS OF CONSCIOUSNESS,"using reverie, sliding along the borders of consciousness.",1.0,-0.4245869772774832,0.0270809959620237,0.9508196721311476,Non-Hallucination Error,no_hallucination,,
librispeech_fallback,ls_0009__pink_10dB,,unknown,pink,10.0,HE WAS IN REVERIE SLIDING ALONG THE BORDERS OF CONSCIOUSNESS,"He was in the river, sliding along the borders of consciousness.",1.1,-0.3590709567070007,0.0142330192029476,0.9552238805970148,Non-Hallucination Error,no_hallucination,,
librispeech_fallback,ls_0009__babble_10dB,,unknown,babble,10.0,HE WAS IN REVERIE SLIDING ALONG THE BORDERS OF CONSCIOUSNESS,using the riverry sliding along the borders of consciousness.,1.0,-0.5209168706621442,0.0088371662423014,1.0,Non-Hallucination Error,no_hallucination,,
librispeech_fallback,ls_0010__clean,,unknown,clean,,A MINUTE IS NOT A VERY LARGE MEASURE OF TIME AND HIS BODY NEEDED EVERY FRACTION OF IT,"A minute is not a very large measure of time, and his body needed every fraction of it.",0.9444444444444444,-0.1585134008656377,0.0077937729656696,1.1153846153846154,Hallucination Error,hallucination,,
librispeech_fallback,ls_0010__white_10dB,,unknown,white,10.0,A MINUTE IS NOT A VERY LARGE MEASURE OF TIME AND HIS BODY NEEDED EVERY FRACTION OF IT,"A minute is not a very large measure of time, and his body needed every fraction of it.",0.9444444444444444,-0.2055790113366168,0.008023121394217,1.1153846153846154,Non-Hallucination Error,no_hallucination,,
librispeech_fallback,ls_0010__pink_10dB,,unknown,pink,10.0,A MINUTE IS NOT A VERY LARGE MEASURE OF TIME AND HIS BODY NEEDED EVERY FRACTION OF IT,"A minute is not a very large measure of time, and his body needed every fraction of it.",0.9444444444444444,-0.1583456682122272,0.0077916979789733,1.1153846153846154,Hallucination Error,hallucination,,
librispeech_fallback,ls_0010__babble_10dB,,unknown,babble,10.0,A MINUTE IS NOT A VERY LARGE MEASURE OF TIME AND HIS BODY NEEDED EVERY FRACTION OF IT,"A minute is not a very large measure of time, and his body needed every fraction of it.",0.9444444444444444,-0.2475384629291037,0.0130548253655433,1.1153846153846154,Non-Hallucination Error,no_hallucination,,
librispeech_fallback,ls_0011__clean,,unknown,clean,,HE ASKED THE HANDLER WHO WAS KNEADING HIS ACHING MUSCLES,He asked the handler who was kneading his aching muscles.,1.0,-0.3187451660633087,0.0070577599108219,0.9193548387096774,Non-Hallucination Error,no_hallucination,,
librispeech_fallback,ls_0011__white_10dB,,unknown,white,10.0,HE ASKED THE HANDLER WHO WAS KNEADING HIS ACHING MUSCLES,He asked the handler with kneading his icky muscles.,1.0,-0.4514746348063151,0.0100620491430163,0.8813559322033898,Non-Hallucination Error,no_hallucination,,
librispeech_fallback,ls_0011__pink_10dB,,unknown,pink,10.0,HE ASKED THE HANDLER WHO WAS KNEADING HIS ACHING MUSCLES,He asked the handler who was kneading his aching muscles.,1.0,-0.2922536134719848,0.0070672165602445,0.9193548387096774,Non-Hallucination Error,no_hallucination,,
librispeech_fallback,ls_0011__babble_10dB,,unknown,babble,10.0,HE ASKED THE HANDLER WHO WAS KNEADING HIS ACHING MUSCLES,He asked the handler who was kneading his icky muscles.,1.0,-0.4781742990016937,0.0107524581253528,0.9166666666666666,Non-Hallucination Error,no_hallucination,,
librispeech_fallback,ls_0012__clean,,unknown,clean,,HE DOESN'T WORK AT ALL,he doesn't work at all.,1.0,-0.3783916234970093,0.0236434508115053,0.7419354838709677,Non-Hallucination Error,no_hallucination,,
librispeech_fallback,ls_0012__white_10dB,,unknown,white,10.0,HE DOESN'T WORK AT ALL,He doesn't work at all.,1.0,-0.3792186498641968,0.0202464740723371,0.7419354838709677,Non-Hallucination Error,no_hallucination,,
librispeech_fallback,ls_0012__pink_10dB,,unknown,pink,10.0,HE DOESN'T WORK AT ALL,he doesn't work at all.,1.0,-0.3931963682174683,0.0232838150113821,0.7419354838709677,Non-Hallucination Error,no_hallucination,,
librispeech_fallback,ls_0012__babble_10dB,,unknown,babble,10.0,HE DOESN'T WORK AT ALL,He doesn't work at all.,1.0,-0.3860838413238525,0.0361664369702339,0.7419354838709677,Non-Hallucination Error,no_hallucination,,
librispeech_fallback,ls_0013__clean,,unknown,clean,,THE LITTLE GIRL HAD BEEN ASLEEP BUT SHE HEARD THE RAPS AND OPENED THE DOOR,"The little girl had been asleep, but she heard the wraps and opened the door.",1.0,-0.2218701362609863,0.0066784876398742,1.0547945205479452,Non-Hallucination Error,no_hallucination,,
librispeech_fallback,ls_0013__white_10dB,,unknown,white,10.0,THE LITTLE GIRL HAD BEEN ASLEEP BUT SHE HEARD THE RAPS AND OPENED THE DOOR,"The little girl had been asleep, but she heard the wraps and opened the door.",1.0,-0.2696270942687988,0.0304615162312984,1.0547945205479452,Non-Hallucination Error,no_hallucination,,
librispeech_fallback,ls_0013__pink_10dB,,unknown,pink,10.0,THE LITTLE GIRL HAD BEEN ASLEEP BUT SHE HEARD THE RAPS AND OPENED THE DOOR,"The little girl had been asleep, but she heard the wraps and opened the door.",1.0,-0.2052098035812378,0.0065778344869613,1.0547945205479452,Non-Hallucination Error,no_hallucination,,
librispeech_fallback,ls_0013__babble_10dB,,unknown,babble,10.0,THE LITTLE GIRL HAD BEEN ASLEEP BUT SHE HEARD THE RAPS AND OPENED THE DOOR,"The little girl had been asleep, but she heard the wraps and opened the door.",1.0,-0.2518366336822509,0.0234366878867149,1.0547945205479452,Non-Hallucination Error,no_hallucination,,
librispeech_fallback,ls_0014__clean,,unknown,clean,,LINNELL'S PICTURES ARE A SORT OF UP GUARDS AND AT EM PAINTINGS AND MASON'S EXQUISITE IDYLLS ARE AS NATIONAL AS A JINGO POEM MISTER BIRKET FOSTER'S LANDSCAPES SMILE AT ONE MUCH IN THE SAME WAY THAT MISTER CARKER USED TO FLASH HIS TEETH AND MISTER JOHN COLLIER GIVES HIS SITTER A CHEERFUL SLAP ON THE BACK BEFORE HE SAYS LIKE A SHAMPOOER IN A TURKISH BATH NEXT MAN,"Linnell's pictures are a sort of Up Guards and Adam paintings, and Mason's exquisite idles are as national as a jingle poem. Mr. Birkut Foster's landscapes smile at one much in the same way that Mr. Carker used to flash his teeth. And Mr. John Collier gives his sitter a cheerful slap on the back, before he says, like a shampoo and a Turkish bath. Next man!",1.0,-0.3548943551032097,0.0106450613987232,1.26060067652988,Non-Hallucination Error,no_hallucination,,
librispeech_fallback,ls_0014__white_10dB,,unknown,white,10.0,LINNELL'S PICTURES ARE A SORT OF UP GUARDS AND AT EM PAINTINGS AND MASON'S EXQUISITE IDYLLS ARE AS NATIONAL AS A JINGO POEM MISTER BIRKET FOSTER'S LANDSCAPES SMILE AT ONE MUCH IN THE SAME WAY THAT MISTER CARKER USED TO FLASH HIS TEETH AND MISTER JOHN COLLIER GIVES HIS SITTER A CHEERFUL SLAP ON THE BACK BEFORE HE SAYS LIKE A SHAMPOOER IN A TURKISH BATH NEXT MAN,"Linnell's pictures are a sort of Up Guards and Adam paintings, and Mason's exquisite idols are as national as a dingo poem. Mr. Birkut Foster's landscapes smile at one much in the same way as at Mr. Carco's Mr. Flash's teeth. And Mr. John Collier gives his sitter a cheerful slap in the back, before he says, like a shampoo and that Turkish staff. Next man!",1.0,-0.4610983407704927,0.020417149644345,1.3520950594121326,Non-Hallucination Error,no_hallucination,,
librispeech_fallback,ls_0014__pink_10dB,,unknown,pink,10.0,LINNELL'S PICTURES ARE A SORT OF UP GUARDS AND AT EM PAINTINGS AND MASON'S EXQUISITE IDYLLS ARE AS NATIONAL AS A JINGO POEM MISTER BIRKET FOSTER'S LANDSCAPES SMILE AT ONE MUCH IN THE SAME WAY THAT MISTER CARKER USED TO FLASH HIS TEETH AND MISTER JOHN COLLIER GIVES HIS SITTER A CHEERFUL SLAP ON THE BACK BEFORE HE SAYS LIKE A SHAMPOOER IN A TURKISH BATH NEXT MAN,"Linnell's pictures are a sort of Up Guards and Atom paintings, and Mason's exquisite idles are as national as a jingle poem. Mr. Birkitt Foster's landscapes smile at one much in the same way that Mr. Carker used to flash his teeth. And Mr. John Collier gives his sitter a cheerful slap on the back, before he says, like a shampoo We're in a Turkish bath. Next man!",1.0,-0.334883057320356,0.0184938427493242,1.2711155258563605,Non-Hallucination Error,no_hallucination,,
librispeech_fallback,ls_0014__babble_10dB,,unknown,babble,10.0,LINNELL'S PICTURES ARE A SORT OF UP GUARDS AND AT EM PAINTINGS AND MASON'S EXQUISITE IDYLLS ARE AS NATIONAL AS A JINGO POEM MISTER BIRKET FOSTER'S LANDSCAPES SMILE AT ONE MUCH IN THE SAME WAY THAT MISTER CARKER USED TO FLASH HIS TEETH AND MISTER JOHN COLLIER GIVES HIS SITTER A CHEERFUL SLAP ON THE BACK BEFORE HE SAYS LIKE A SHAMPOOER IN A TURKISH BATH NEXT MAN,"Linnell's pictures are a sort of Up Guards and Adam paintings, and Mason's exquisite idles are as national as a jingle poem. Mr. Birkitt Foster's landscapes smile at one much in the same way that Mr. Carco used to flash his teeth. And Mr. John Collier gives his sitter a cheerful slap in the back, before he says, like a shampoo and that pinkish bath. Next man!",1.0,-0.4461574888459725,0.0252816990638772,1.3481481481481483,Non-Hallucination Error,no_hallucination,,
librispeech_fallback,ls_0015__clean,,unknown,clean,,IN FACT THERE IS NOTHING HE CAN DO IN THESE DOMINIONS AS WELL AS OUR NOMES WHOSE NUMBERS ARE SO GREAT THAT IT WORRIES US TO KEEP THEM ALL BUSY,"In fact, there's nothing he can do in these dominions as well as our gnomes, whose numbers are so great that it worries us to keep them all busy.",1.0,-0.1385315918340915,0.0096800923347473,1.2831858407079646,Hallucination Error,hallucination,,
librispeech_fallback,ls_0015__white_10dB,,unknown,white,10.0,IN FACT THERE IS NOTHING HE CAN DO IN THESE DOMINIONS AS WELL AS OUR NOMES WHOSE NUMBERS ARE SO GREAT THAT IT WORRIES US TO KEEP THEM ALL BUSY,"In fact, there's nothing he can do in these demigens as well as our gnomes. These numbers are so great that it worries us to keep them all busy.",1.0,-0.2689832732790992,0.03809455037117,1.263157894736842,Non-Hallucination Error,no_hallucination,,
librispeech_fallback,ls_0015__pink_10dB,,unknown,pink,10.0,IN FACT THERE IS NOTHING HE CAN DO IN THESE DOMINIONS AS WELL AS OUR NOMES WHOSE NUMBERS ARE SO GREAT THAT IT WORRIES US TO KEEP THEM ALL BUSY,"In fact, there is nothing he can do in these dominions as well as our gnomes, whose numbers are so great that it worries us to keep them all busy.",1.0,-0.1407769714913717,0.01112144254148,1.3035714285714286,Hallucination Error,hallucination,,
librispeech_fallback,ls_0015__babble_10dB,,unknown,babble,10.0,IN FACT THERE IS NOTHING HE CAN DO IN THESE DOMINIONS AS WELL AS OUR NOMES WHOSE NUMBERS ARE SO GREAT THAT IT WORRIES US TO KEEP THEM ALL BUSY,"In fact, there's nothing he can do with these dominions as well as our loans. These numbers are so great that it worries us to keep them all busy.",1.0,-0.2455124243711814,0.0094595719128847,1.2695652173913043,Non-Hallucination Error,no_hallucination,,
librispeech_fallback,ls_0016__clean,,unknown,clean,,JUST THRUST AND PARRY AND VICTORY TO THE STRONGER,Just thrust and parry and victory to the stronger.,1.0,-0.3782389163970947,0.0178832802921533,1.0,Non-Hallucination Error,no_hallucination,,
librispeech_fallback,ls_0016__white_10dB,,unknown,white,10.0,JUST THRUST AND PARRY AND VICTORY TO THE STRONGER,Just trust and pay the victory to the strong though.,1.1111111111111112,-0.6194594247000558,0.0800784975290298,1.0,Non-Hallucination Error,no_hallucination,,
librispeech_fallback,ls_0016__pink_10dB,,unknown,pink,10.0,JUST THRUST AND PARRY AND VICTORY TO THE STRONGER,Just thrust and parry and victory to the stronger.,1.0,-0.3733752795628139,0.0196235533803701,1.0,Non-Hallucination Error,no_hallucination,,
librispeech_fallback,ls_0016__babble_10dB,,unknown,babble,10.0,JUST THRUST AND PARRY AND VICTORY TO THE STRONGER,Just thrust and parry and victory to the strong though.,1.1111111111111112,-0.6204247792561849,0.0455620884895324,1.0377358490566038,Non-Hallucination Error,no_hallucination,,
librispeech_fallback,ls_0017__clean,,unknown,clean,,I HAVE REMAINED A PRISONER ONLY BECAUSE I WISHED TO BE ONE AND WITH THIS HE STEPPED FORWARD AND BURST THE STOUT CHAINS AS EASILY AS IF THEY HAD BEEN THREADS,"I have remained a prisoner only because I wished to be one."" And with this he stepped forward and burst the stout chains as easily as if they had been threads.",0.935483870967742,-0.1842700213920779,0.0136027252301573,1.325,Hallucination Error,hallucination,,
librispeech_fallback,ls_0017__white_10dB,,unknown,white,10.0,I HAVE REMAINED A PRISONER ONLY BECAUSE I WISHED TO BE ONE AND WITH THIS HE STEPPED FORWARD AND BURST THE STOUT CHAINS AS EASILY AS IF THEY HAD BEEN THREADS,"I have remained the prisoner only because I wished to be one. And with this, you step forward and burst the stout chains as easily as if they had been threads.",0.935483870967742,-0.178100037574768,0.0301510542631149,1.3140495867768596,Hallucination Error,hallucination,,
librispeech_fallback,ls_0017__pink_10dB,,unknown,pink,10.0,I HAVE REMAINED A PRISONER ONLY BECAUSE I WISHED TO BE ONE AND WITH THIS HE STEPPED FORWARD AND BURST THE STOUT CHAINS AS EASILY AS IF THEY HAD BEEN THREADS,"I have remained a prisoner only because I wished to be one."" And with this he stepped forward and burst the stout chains as easily as if they had been threads.",0.935483870967742,-0.1851394234634027,0.012992245145142,1.325,Hallucination Error,hallucination,,
librispeech_fallback,ls_0017__babble_10dB,,unknown,babble,10.0,I HAVE REMAINED A PRISONER ONLY BECAUSE I WISHED TO BE ONE AND WITH THIS HE STEPPED FORWARD AND BURST THE STOUT CHAINS AS EASILY AS IF THEY HAD BEEN THREADS,"I have remained a prisoner only because I wished to be one. And with this, you step forward and burst the stout chains as easily as if they had been threads.",0.935483870967742,-0.1834213852882385,0.0286119002848863,1.3083333333333331,Hallucination Error,hallucination,,
librispeech_fallback,ls_0018__clean,,unknown,clean,,PAINTING HE TELLS US IS OF A DIFFERENT QUALITY TO MATHEMATICS AND FINISH IN ART IS ADDING MORE FACT,"Painting, he tells us, is of a different quality to mathematics, and finish in art is adding more factor.",1.0,-0.2036269451009816,0.0075644878670573,1.1666666666666667,Non-Hallucination Error,no_hallucination,,
librispeech_fallback,ls_0018__white_10dB,,unknown,white,10.0,PAINTING HE TELLS US IS OF A DIFFERENT QUALITY TO MATHEMATICS AND FINISH IN ART IS ADDING MORE FACT,"Painting, he tells us, is of a different quality to mathematics, and finish in art is adding more fact.",1.0,-0.2690757883006128,0.0070889079943299,1.1704545454545454,Non-Hallucination Error,no_hallucination,,
librispeech_fallback,ls_0018__pink_10dB,,unknown,pink,10.0,PAINTING HE TELLS US IS OF A DIFFERENT QUALITY TO MATHEMATICS AND FINISH IN ART IS ADDING MORE FACT,"Painting, he tells us, is of a different quality to mathematics, and finish in art is adding more factor.",1.0,-0.2108981198277966,0.0127937737852334,1.1666666666666667,Non-Hallucination Error,no_hallucination,,
librispeech_fallback,ls_0018__babble_10dB,,unknown,babble,10.0,PAINTING HE TELLS US IS OF A DIFFERENT QUALITY TO MATHEMATICS AND FINISH IN ART IS ADDING MORE FACT,"Painting, who tells us, is of a different quality to mathematics, and finish in art is adding more fact.",1.0,-0.2322964138454861,0.0055324849672615,1.1555555555555554,Non-Hallucination Error,no_hallucination,,
librispeech_fallback,ls_0019__clean,,unknown,clean,,WHERE IS MY BROTHER NOW,Where is my brother now?,1.0,-0.3058430088890923,0.0109441746026277,0.8,Non-Hallucination Error,no_hallucination,,
librispeech_fallback,ls_0019__white_10dB,,unknown,white,10.0,WHERE IS MY BROTHER NOW,Where is my brother now?,1.0,-0.2484536965688069,0.0879362747073173,0.8,Non-Hallucination Error,no_hallucination,,
librispeech_fallback,ls_0019__pink_10dB,,unknown,pink,10.0,WHERE IS MY BROTHER NOW,Where is my brother now?,1.0,-0.3365886741214328,0.0114474650472402,0.8,Non-Hallucination Error,no_hallucination,,
librispeech_fallback,ls_0019__babble_10dB,,unknown,babble,10.0,WHERE IS MY BROTHER NOW,Where is my brother now?,1.0,-0.2604421509636773,0.0695099458098411,0.8,Non-Hallucination Error,no_hallucination,,
librispeech_fallback,ls_0020__clean,,unknown,clean,,A WAVE OF DESPAIR ROLLED OUT FROM IROLG BRION SENSED IT AND KNEW THE FIFTH POINT WAS HIS,"A wave of despair rolled out from Irogg, re-insensed it and knew the fifth point was his.",0.9444444444444444,-0.3724801452071578,0.0086906487122178,1.0853658536585369,Non-Hallucination Error,no_hallucination,,
librispeech_fallback,ls_0020__white_10dB,,unknown,white,10.0,A WAVE OF DESPAIR ROLLED OUT FROM IROLG BRION SENSED IT AND KNEW THE FIFTH POINT WAS HIS,"A wave of despair rolled out from Irold, re-insunced it and knew the fifth point was his.",0.9444444444444444,-0.4111529418400356,0.0301975607872009,1.0595238095238095,Non-Hallucination Error,no_hallucination,,
librispeech_fallback,ls_0020__pink_10dB,,unknown,pink,10.0,A WAVE OF DESPAIR ROLLED OUT FROM IROLG BRION SENSED IT AND KNEW THE FIFTH POINT WAS HIS,"A wave of despair rolled out from Irogg, re-insensed it and knew the fifth point was his.",0.9444444444444444,-0.3799586119475188,0.0122077809646725,1.0853658536585369,Non-Hallucination Error,no_hallucination,,
librispeech_fallback,ls_0020__babble_10dB,,unknown,babble,10.0,A WAVE OF DESPAIR ROLLED OUT FROM IROLG BRION SENSED IT AND KNEW THE FIFTH POINT WAS HIS,A wave of despair rolled out from Irogg. Being sensed it and knew the first point was his.,0.9444444444444444,-0.3168306350708008,0.0266569517552852,1.0975609756097562,Non-Hallucination Error,no_hallucination,,
librispeech_fallback,ls_0021__clean,,unknown,clean,,THEN THE POWERFUL TWIST THAT THRUST IT ASIDE IN AND UNDER THE GUARD,"Then the powerful twist that's rest of the side, in and under the guard.",1.0769230769230769,-0.3292592525482177,0.0158075895160436,1.0140845070422535,Non-Hallucination Error,no_hallucination,,
librispeech_fallback,ls_0021__white_10dB,,unknown,white,10.0,THEN THE POWERFUL TWIST THAT THRUST IT ASIDE IN AND UNDER THE GUARD,"Then the powerful twist that thrusts to the side, in and under the guard.",1.0769230769230769,-0.3971866369247436,0.0154331289231777,1.028169014084507,Non-Hallucination Error,no_hallucination,,
librispeech_fallback,ls_0021__pink_10dB,,unknown,pink,10.0,THEN THE POWERFUL TWIST THAT THRUST IT ASIDE IN AND UNDER THE GUARD,"Then the powerful twist that's rest of the side, in and under the guard.",1.0769230769230769,-0.3243932008743286,0.015584809705615,1.0140845070422535,Non-Hallucination Error,no_hallucination,,
librispeech_fallback,ls_0021__babble_10dB,,unknown,babble,10.0,THEN THE POWERFUL TWIST THAT THRUST IT ASIDE IN AND UNDER THE GUARD,"Then the powerful twist that twisted aside, in and under the gold.",1.0,-0.5523690616383272,0.0123478136956691,1.015384615384615,Non-Hallucination Error,no_hallucination,,
librispeech_fallback,ls_0022__clean,,unknown,clean,,I'M HERE BECAUSE THE MATTER IS OF UTMOST IMPORTANCE AND BRANDD IS THE ONE I MUST SEE NOW STAND ASIDE,"I'm here because the matter is of utmost importance, and brand is the one I must see. Now stand aside.",0.95,-0.2686751793170797,0.0239635277539491,1.1590909090909092,Non-Hallucination Error,no_hallucination,,
librispeech_fallback,ls_0022__white_10dB,,unknown,white,10.0,I'M HERE BECAUSE THE MATTER IS OF UTMOST IMPORTANCE AND BRANDD IS THE ONE I MUST SEE NOW STAND ASIDE,"I'm here because the matter is of utmost importance, and brand is the one I must see. Now stand aside!",0.95,-0.2797216875799771,0.0248363092541694,1.1590909090909092,Non-Hallucination Error,no_hallucination,,
librispeech_fallback,ls_0022__pink_10dB,,unknown,pink,10.0,I'M HERE BECAUSE THE MATTER IS OF UTMOST IMPORTANCE AND BRANDD IS THE ONE I MUST SEE NOW STAND ASIDE,"I'm here because the matter is of utmost importance, and brand is the one I must see. Now stand aside.",0.95,-0.262049362577241,0.0228954385966062,1.1590909090909092,Non-Hallucination Error,no_hallucination,,
librispeech_fallback,ls_0022__babble_10dB,,unknown,babble,10.0,I'M HERE BECAUSE THE MATTER IS OF UTMOST IMPORTANCE AND BRANDD IS THE ONE I MUST SEE NOW STAND ASIDE,"I'm here because the matter is of utmost importance, and brand is the one I must see. Now stand aside!",0.95,-0.2827921242549501,0.0161885600537061,1.1590909090909092,Non-Hallucination Error,no_hallucination,,
librispeech_fallback,ls_0023__clean,,unknown,clean,,HE MUST HAVE DRAWN HIS GUN BECAUSE THE INTRUDER SAID QUICKLY PUT THAT AWAY YOU'RE BEING A FOOL OUT,"He must have drawn his gun because the intruder said quickly, but that away you're being a fool. Out.",1.0,-0.4223570054577243,0.0025889731477946,1.10989010989011,Non-Hallucination Error,no_hallucination,,
librispeech_fallback,ls_0023__white_10dB,,unknown,white,10.0,HE MUST HAVE DRAWN HIS GUN BECAUSE THE INTRUDER SAID QUICKLY PUT THAT AWAY YOU'RE BEING A FOOL OUT,"I must have drawn his gun because the intruder said quickly, but that away, it'd be no fool. Out.",1.0,-0.591559648513794,0.0162259712815284,1.0777777777777775,Non-Hallucination Error,no_hallucination,,
librispeech_fallback,ls_0023__pink_10dB,,unknown,pink,10.0,HE MUST HAVE DRAWN HIS GUN BECAUSE THE INTRUDER SAID QUICKLY PUT THAT AWAY YOU'RE BEING A FOOL OUT,"He must have drawn his gun because the intruder said quickly, but that away you're being a fool. Out.",1.0,-0.4269933700561523,0.0020494349300861,1.10989010989011,Non-Hallucination Error,no_hallucination,,
librispeech_fallback,ls_0023__babble_10dB,,unknown,babble,10.0,HE MUST HAVE DRAWN HIS GUN BECAUSE THE INTRUDER SAID QUICKLY PUT THAT AWAY YOU'RE BEING A FOOL OUT,"The muslim drawn is done because the intruder said quickly, but that away, there'd be no fool. Out.",1.0,-0.7169732451438904,0.0080942511558532,1.1,Non-Hallucination Error,no_hallucination,,
librispeech_fallback,ls_0024__clean,,unknown,clean,,IT IS OBVIOUSLY UNNECESSARY FOR US TO POINT OUT HOW LUMINOUS THESE CRITICISMS ARE HOW DELICATE IN EXPRESSION,"It is obviously unnecessary for us to point out how luminous these criticisms are, how delicate an expression.",1.0,-0.1600778286273662,0.0112946853041648,1.1702127659574468,Hallucination Error,hallucination,,
librispeech_fallback,ls_0024__white_10dB,,unknown,white,10.0,IT IS OBVIOUSLY UNNECESSARY FOR US TO POINT OUT HOW LUMINOUS THESE CRITICISMS ARE HOW DELICATE IN EXPRESSION,"It is obviously unnecessary for us to point out how luminous these criticisms are, how delicate in expression.",1.0,-0.2124319993532621,0.0325943492352962,1.1702127659574468,Non-Hallucination Error,no_hallucination,,
librispeech_fallback,ls_0024__pink_10dB,,unknown,pink,10.0,IT IS OBVIOUSLY UNNECESSARY FOR US TO POINT OUT HOW LUMINOUS THESE CRITICISMS ARE HOW DELICATE IN EXPRESSION,"It is obviously unnecessary for us to point out how luminous these criticisms are, how delicate an expression.",1.0,-0.1639738999880277,0.0187575276941061,1.1702127659574468,Hallucination Error,hallucination,,
librispeech_fallback,ls_0024__babble_10dB,,unknown,babble,10.0,IT IS OBVIOUSLY UNNECESSARY FOR US TO POINT OUT HOW LUMINOUS THESE CRITICISMS ARE HOW DELICATE IN EXPRESSION,"It is obviously unnecessary for us to point out how luminous these criticisms are, how delicate an expression.",1.0,-0.2272120805887075,0.0288924276828765,1.1702127659574468,Non-Hallucination Error,no_hallucination,,
librispeech_fallback,ls_0025__clean,,unknown,clean,,NOR IS MISTER QUILTER'S MANNER LESS INTERESTING THAN HIS MATTER,Nor is Mr. Quilter's manner less interesting than his matter.,1.0,-0.227842198477851,0.0355410128831863,0.953125,Non-Hallucination Error,no_hallucination,,
librispeech_fallback,ls_0025__white_10dB,,unknown,white,10.0,NOR IS MISTER QUILTER'S MANNER LESS INTERESTING THAN HIS MATTER,Nor is Mr. Quilter's manner less interesting than his matter.,1.0,-0.3360060320960151,0.0333674103021621,0.953125,Non-Hallucination Error,no_hallucination,,
librispeech_fallback,ls_0025__pink_10dB,,unknown,pink,10.0,NOR IS MISTER QUILTER'S MANNER LESS INTERESTING THAN HIS MATTER,Nor is Mr. Quilter's manner less interesting than his matter.,1.0,-0.2244519922468397,0.0371818058192729,0.953125,Non-Hallucination Error,no_hallucination,,
librispeech_fallback,ls_0025__babble_10dB,,unknown,babble,10.0,NOR IS MISTER QUILTER'S MANNER LESS INTERESTING THAN HIS MATTER,Nor is Mr. Quilter's matter less interesting than his matter.,1.0,-0.3306461440192328,0.0253336317837238,1.0166666666666666,Non-Hallucination Error,no_hallucination,,
librispeech_fallback,ls_0026__clean,,unknown,clean,,INQUIRED SHAGGY IN THE METAL FOREST,inquired Shaggy in the metal forest.,1.0,-0.523711608006404,0.0037031387910246,0.8181818181818182,Non-Hallucination Error,no_hallucination,,
librispeech_fallback,ls_0026__white_10dB,,unknown,white,10.0,INQUIRED SHAGGY IN THE METAL FOREST,Inquired Shaggy in the metal forest.,1.0,-0.5570293494633266,0.0138926887884736,0.8181818181818182,Non-Hallucination Error,no_hallucination,,
librispeech_fallback,ls_0026__pink_10dB,,unknown,pink,10.0,INQUIRED SHAGGY IN THE METAL FOREST,inquired Shaggy in the metal forest.,1.0,-0.5326367158156174,0.0057228682562708,0.8181818181818182,Non-Hallucination Error,no_hallucination,,
librispeech_fallback,ls_0026__babble_10dB,,unknown,babble,10.0,INQUIRED SHAGGY IN THE METAL FOREST,Inquired Shaggy in the metal forest.,1.0,-0.5821755273001534,0.0134142488241195,0.8181818181818182,Non-Hallucination Error,no_hallucination,,
librispeech_fallback,ls_0027__clean,,unknown,clean,,A MAN SAID TO THE UNIVERSE SIR I EXIST,"A man said to the universe, Sir, I exist.",0.7777777777777778,-0.3166432380676269,0.0112487254664301,0.8367346938775511,Non-Hallucination Error,no_hallucination,,
librispeech_fallback,ls_0027__white_10dB,,unknown,white,10.0,A MAN SAID TO THE UNIVERSE SIR I EXIST,"A man said to the universe, sir, I exist.",0.7777777777777778,-0.4009274164835611,0.0260043907910585,0.8367346938775511,Non-Hallucination Error,no_hallucination,,
librispeech_fallback,ls_0027__pink_10dB,,unknown,pink,10.0,A MAN SAID TO THE UNIVERSE SIR I EXIST,"A man said to the universe, Sir, I exist.",0.7777777777777778,-0.31348237991333,0.0114210378378629,0.8367346938775511,Non-Hallucination Error,no_hallucination,,
librispeech_fallback,ls_0027__babble_10dB,,unknown,babble,10.0,A MAN SAID TO THE UNIVERSE SIR I EXIST,"A man said to the universe, Sir, I exist.",0.7777777777777778,-0.3806136355680578,0.0185452625155448,0.8367346938775511,Non-Hallucination Error,no_hallucination,,
librispeech_fallback,ls_0028__clean,,unknown,clean,,HE TELLS US THAT AT THIS FESTIVE SEASON OF THE YEAR WITH CHRISTMAS AND ROAST BEEF LOOMING BEFORE US SIMILES DRAWN FROM EATING AND ITS RESULTS OCCUR MOST READILY TO THE MIND,"He tells us that at this festive season of the year, with Christmas and roast beef looming before us, symbolies drawn from eating and its results occur most readily to the mind.",1.0,-0.1309410390399751,0.0041950237937271,1.3511450381679388,Hallucination Error,hallucination,,
librispeech_fallback,ls_0028__white_10dB,,unknown,white,10.0,HE TELLS US THAT AT THIS FESTIVE SEASON OF THE YEAR WITH CHRISTMAS AND ROAST BEEF LOOMING BEFORE US SIMILES DRAWN FROM EATING AND ITS RESULTS OCCUR MOST READILY TO THE MIND,"He tells us that at this festive season of the year, with Christmas and roast beef looming before us, symbolies drawn from eating and its results occur most readily to the mind.",1.0,-0.2248366900852748,0.0067373607307672,1.3511450381679388,Non-Hallucination Error,no_hallucination,,
librispeech_fallback,ls_0028__pink_10dB,,unknown,pink,10.0,HE TELLS US THAT AT THIS FESTIVE SEASON OF THE YEAR WITH CHRISTMAS AND ROAST BEEF LOOMING BEFORE US SIMILES DRAWN FROM EATING AND ITS RESULTS OCCUR MOST READILY TO THE MIND,"He tells us that at this festive season of the year, with Christmas and roast beef looming before us, symbolies drawn from eating and its results occur most readily to the mind.",1.0,-0.1327877044677734,0.0054634818807244,1.3511450381679388,Hallucination Error,hallucination,,
librispeech_fallback,ls_0028__babble_10dB,,unknown,babble,10.0,HE TELLS US THAT AT THIS FESTIVE SEASON OF THE YEAR WITH CHRISTMAS AND ROAST BEEF LOOMING BEFORE US SIMILES DRAWN FROM EATING AND ITS RESULTS OCCUR MOST READILY TO THE MIND,"He tells us that at this festive season of the year, with Christmas and roast beef looming before us, symbolies drawn from eating and its results occur most readily to the mind.",1.0,-0.2478592509315127,0.0065435557626187,1.3511450381679388,Non-Hallucination Error,no_hallucination,,
librispeech_fallback,ls_0029__clean,,unknown,clean,,THE CUT ON HIS CHEST STILL DRIPPING BLOOD THE ACHE OF HIS OVERSTRAINED EYES EVEN THE SOARING ARENA AROUND HIM WITH THE THOUSANDS OF SPECTATORS WERE TRIVIALITIES NOT WORTH THINKING ABOUT,"The cut on his chest still dripping blood. The ache of his overstrained eyes. Even the soaring arena around him with the thousands of spectators, retrievalities not worth thinking about.",1.0,-0.2272793253262837,0.0034274698700755,1.388059701492537,Non-Hallucination Error,no_hallucination,,
librispeech_fallback,ls_0029__white_10dB,,unknown,white,10.0,THE CUT ON HIS CHEST STILL DRIPPING BLOOD THE ACHE OF HIS OVERSTRAINED EYES EVEN THE SOARING ARENA AROUND HIM WITH THE THOUSANDS OF SPECTATORS WERE TRIVIALITIES NOT WORTH THINKING ABOUT,"The kai-don is chest still dripping blood. The ache of his overstrained eyes, even the soaring arena around him with thousands of spectators were trivialities not worth thinking about.",1.0,-0.4500782743413397,0.0616436265408992,1.3834586466165415,Non-Hallucination Error,no_hallucination,,
librispeech_fallback,ls_0029__pink_10dB,,unknown,pink,10.0,THE CUT ON HIS CHEST STILL DRIPPING BLOOD THE ACHE OF HIS OVERSTRAINED EYES EVEN THE SOARING ARENA AROUND HIM WITH THE THOUSANDS OF SPECTATORS WERE TRIVIALITIES NOT WORTH THINKING ABOUT,"The cut on his chest still dripping blood. The ache of his overstrained eyes. Even the soaring arena around him with the thousands of spectators, retrievalities not worth thinking about.",1.0,-0.239791452884674,0.0081809693947434,1.388059701492537,Non-Hallucination Error,no_hallucination,,
librispeech_fallback,ls_0029__babble_10dB,,unknown,babble,10.0,THE CUT ON HIS CHEST STILL DRIPPING BLOOD THE ACHE OF HIS OVERSTRAINED EYES EVEN THE SOARING ARENA AROUND HIM WITH THE THOUSANDS OF SPECTATORS WERE TRIVIALITIES NOT WORTH THINKING ABOUT,"To cut on his chest, store-vipping blood. To ache of his over-stained eyes. Even to soaring arena around him with thousands of spectators, which for the holidays not worth thinking about.",1.0,-0.4037560876810325,0.0188370998948812,1.364963503649635,Non-Hallucination Error,no_hallucination,,
librispeech_fallback,ls_0030__clean,,unknown,clean,,TEN SECONDS,10 seconds.,1.0,-0.6026620070139567,0.1194326058030128,0.5789473684210527,Non-Hallucination Error,no_hallucination,,
librispeech_fallback,ls_0030__white_10dB,,unknown,white,10.0,TEN SECONDS,10 seconds,1.0,-0.4146663665771484,0.2041215449571609,0.5555555555555556,Non-Hallucination Error,no_hallucination,,
librispeech_fallback,ls_0030__pink_10dB,,unknown,pink,10.0,TEN SECONDS,10 seconds.,1.0,-0.6292417049407959,0.1489170491695404,0.5789473684210527,Non-Hallucination Error,no_hallucination,,
librispeech_fallback,ls_0030__babble_10dB,,unknown,babble,10.0,TEN SECONDS,10 seconds,1.0,-0.3949282169342041,0.1276243478059768,0.5555555555555556,Non-Hallucination Error,no_hallucination,,
librispeech_fallback,ls_0031__clean,,unknown,clean,,WHEN THE BUZZER SOUNDED HE PULLED HIS FOIL FROM HIS SECOND'S STARTLED GRASP AND RAN FORWARD,"When the buzzer sounded, he pulled his foil from his second startled grasp and ran forward.",1.0,-0.1694633418863469,0.0038781918119639,1.0963855421686748,Hallucination Error,hallucination,,
librispeech_fallback,ls_0031__white_10dB,,unknown,white,10.0,WHEN THE BUZZER SOUNDED HE PULLED HIS FOIL FROM HIS SECOND'S STARTLED GRASP AND RAN FORWARD,"When the buzzer sounded, he pulled his foil from his second startled grasp and ran forward.",1.0,-0.2050126899372447,0.0097076166421175,1.0963855421686748,Non-Hallucination Error,no_hallucination,,
librispeech_fallback,ls_0031__pink_10dB,,unknown,pink,10.0,WHEN THE BUZZER SOUNDED HE PULLED HIS FOIL FROM HIS SECOND'S STARTLED GRASP AND RAN FORWARD,"When the buzzer sounded, he pulled his foil from his second startled grasp and ran forward.",1.0,-0.1715192903171886,0.004062274005264,1.0963855421686748,Hallucination Error,hallucination,,
librispeech_fallback,ls_0031__babble_10dB,,unknown,babble,10.0,WHEN THE BUZZER SOUNDED HE PULLED HIS FOIL FROM HIS SECOND'S STARTLED GRASP AND RAN FORWARD,"When the buzzer sounded, he pulled his foil from his second startled grasp and ran forward.",1.0,-0.1722688241438432,0.0136491572484374,1.0963855421686748,Hallucination Error,hallucination,,
librispeech_fallback,ls_0032__clean,,unknown,clean,,I BEGGED RUGGEDO LONG AGO TO SEND HIM AWAY BUT HE WOULD NOT DO SO,"I begged Ruggedo a long ago to send him away, but he would not do so.",1.0,-0.305851355842922,0.0186656005680561,0.9857142857142858,Non-Hallucination Error,no_hallucination,,
librispeech_fallback,ls_0032__white_10dB,,unknown,white,10.0,I BEGGED RUGGEDO LONG AGO TO SEND HIM AWAY BUT HE WOULD NOT DO SO,"I begged Ruggadale long ago to send him away, but he would not do so.",0.9333333333333332,-0.4163488305133322,0.0687998980283737,0.9857142857142858,Non-Hallucination Error,no_hallucination,,
librispeech_fallback,ls_0032__pink_10dB,,unknown,pink,10.0,I BEGGED RUGGEDO LONG AGO TO SEND HIM AWAY BUT HE WOULD NOT DO SO,"I begged Ruggedo a long ago to send him away, but he would not do so.",1.0,-0.2920693936555282,0.0207759756594896,0.9857142857142858,Non-Hallucination Error,no_hallucination,,
librispeech_fallback,ls_0032__babble_10dB,,unknown,babble,10.0,I BEGGED RUGGEDO LONG AGO TO SEND HIM AWAY BUT HE WOULD NOT DO SO,"I beg you, look at that, I wanna go to cinema way, but he would not do so.",1.1333333333333333,-0.6234110260009765,0.0801161155104637,1.0422535211267605,Non-Hallucination Error,no_hallucination,,
librispeech_fallback,ls_0033__clean,,unknown,clean,,EVERY MAN WHO ENTERED THE TWENTIES HAD HIS OWN TRAINING TRICKS,Every man who entered the 20s had his own training tricks.,1.0,-0.2653557956218719,0.0062752678059041,0.90625,Non-Hallucination Error,no_hallucination,,
librispeech_fallback,ls_0033__white_10dB,,unknown,white,10.0,EVERY MAN WHO ENTERED THE TWENTIES HAD HIS OWN TRAINING TRICKS,Every man who entered the 20s had his own training tricks.,1.0,-0.3062909543514251,0.0157792977988719,0.90625,Non-Hallucination Error,no_hallucination,,
librispeech_fallback,ls_0033__pink_10dB,,unknown,pink,10.0,EVERY MAN WHO ENTERED THE TWENTIES HAD HIS OWN TRAINING TRICKS,Every man who entered the 20s had his own training tricks.,1.0,-0.2847727239131927,0.0084148691967129,0.90625,Non-Hallucination Error,no_hallucination,,
librispeech_fallback,ls_0033__babble_10dB,,unknown,babble,10.0,EVERY MAN WHO ENTERED THE TWENTIES HAD HIS OWN TRAINING TRICKS,Every man who entered the 20s had his own training bricks.,1.0,-0.5083677768707275,0.0142784630879759,0.90625,Non-Hallucination Error,no_hallucination,,
librispeech_fallback,ls_0034__clean,,unknown,clean,,HOWEVER IF WE LOOK SHARP WE MAY BE ABLE TO DISCOVER ONE OF THESE SECRET WAYS,"However, if we look sharp, we may be able to discover one of these secret ways.",1.0,-0.1410732160915028,0.0025487814564257,1.0533333333333332,Hallucination Error,hallucination,,
librispeech_fallback,ls_0034__white_10dB,,unknown,white,10.0,HOWEVER IF WE LOOK SHARP WE MAY BE ABLE TO DISCOVER ONE OF THESE SECRET WAYS,"However, if we look sharp, we may be able to discover one of these secret ways.",1.0,-0.2161346782337535,0.021961135789752,1.0533333333333332,Non-Hallucination Error,no_hallucination,,
librispeech_fallback,ls_0034__pink_10dB,,unknown,pink,10.0,HOWEVER IF WE LOOK SHARP WE MAY BE ABLE TO DISCOVER ONE OF THESE SECRET WAYS,"However, if we look sharp, we may be able to discover one of these secret ways.",1.0,-0.1369653723456642,0.0029325257055461,1.0533333333333332,Hallucination Error,hallucination,,
librispeech_fallback,ls_0034__babble_10dB,,unknown,babble,10.0,HOWEVER IF WE LOOK SHARP WE MAY BE ABLE TO DISCOVER ONE OF THESE SECRET WAYS,"However, if we look sharp, we may be able to discover one of these secret ways.",1.0,-0.1843298782001842,0.0135429836809635,1.0533333333333332,Hallucination Error,hallucination,,
librispeech_fallback,ls_0035__clean,,unknown,clean,,TRUE AGREED KALIKO,"True, agreed Calico.",1.0,-0.5309107568528917,0.0090880412608385,0.7142857142857143,Non-Hallucination Error,no_hallucination,,
librispeech_fallback,ls_0035__white_10dB,,unknown,white,10.0,TRUE AGREED KALIKO,"True, agreed Calico.",1.0,-0.735717667473687,0.0287479218095541,0.7142857142857143,Non-Hallucination Error,no_hallucination,,
librispeech_fallback,ls_0035__pink_10dB,,unknown,pink,10.0,TRUE AGREED KALIKO,"True, agreed Calico.",1.0,-0.5103751288519965,0.0112911378964781,0.7142857142857143,Non-Hallucination Error,no_hallucination,,
librispeech_fallback,ls_0035__babble_10dB,,unknown,babble,10.0,TRUE AGREED KALIKO,"True, a green calico.",1.3333333333333333,-0.6510434627532959,0.0245201401412487,0.7241379310344828,Non-Hallucination Error,no_hallucination,,
librispeech_fallback,ls_0036__clean,,unknown,clean,,I HOPE HE DOESN'T WORK TOO HARD SAID SHAGGY,"I hope it doesn't work too hard, since shaggy.",0.8888888888888888,-0.2590739025789149,0.0028389755170792,0.8518518518518519,Non-Hallucination Error,no_hallucination,,
librispeech_fallback,ls_0036__white_10dB,,unknown,white,10.0,I HOPE HE DOESN'T WORK TOO HARD SAID SHAGGY,"I hope it doesn't work too hard, said Shaggy.",0.8888888888888888,-0.4031864054062787,0.0264813620597124,0.8490566037735849,Non-Hallucination Error,no_hallucination,,
librispeech_fallback,ls_0036__pink_10dB,,unknown,pink,10.0,I HOPE HE DOESN'T WORK TOO HARD SAID SHAGGY,"I hope it doesn't work too hard, since shaggy.",0.8888888888888888,-0.280881685369155,0.0023549394682049,0.8518518518518519,Non-Hallucination Error,no_hallucination,,
librispeech_fallback,ls_0036__babble_10dB,,unknown,babble,10.0,I HOPE HE DOESN'T WORK TOO HARD SAID SHAGGY,"I hope it doesn't work too hard, so I'll do it.",1.1111111111111112,-0.4695223172505696,0.0431687235832214,0.8867924528301887,Non-Hallucination Error,no_hallucination,,
librispeech_fallback,ls_0037__clean,,unknown,clean,,BRION SAW SOMETHING CLOSE TO PANIC ON HIS OPPONENT'S FACE WHEN THE MAN FINALLY RECOGNIZED HIS ERROR,Breon saw something close to panic on his opponent's face when the man finally recognized his error.,1.0,-0.2627797889709473,0.019648240879178,1.1235955056179776,Non-Hallucination Error,no_hallucination,,
librispeech_fallback,ls_0037__white_10dB,,unknown,white,10.0,BRION SAW SOMETHING CLOSE TO PANIC ON HIS OPPONENT'S FACE WHEN THE MAN FINALLY RECOGNIZED HIS ERROR,"Breon saw something close to panic on his opponent's face, and the man finally recognized his error.",1.0,-0.2109851439793904,0.0947350263595581,1.1111111111111112,Non-Hallucination Error,no_hallucination,,
librispeech_fallback,ls_0037__pink_10dB,,unknown,pink,10.0,BRION SAW SOMETHING CLOSE TO PANIC ON HIS OPPONENT'S FACE WHEN THE MAN FINALLY RECOGNIZED HIS ERROR,Breon saw something close to panic on his opponent's face when the man finally recognized his error.,1.0,-0.2640605354309082,0.0232234094291925,1.1235955056179776,Non-Hallucination Error,no_hallucination,,
librispeech_fallback,ls_0037__babble_10dB,,unknown,babble,10.0,BRION SAW SOMETHING CLOSE TO PANIC ON HIS OPPONENT'S FACE WHEN THE MAN FINALLY RECOGNIZED HIS ERROR,"Brienne saw something close to panic on his opponent's face, and the man finally recognized his error.",1.0,-0.2436461448669433,0.0196744538843631,1.1333333333333333,Non-Hallucination Error,no_hallucination,,
librispeech_fallback,ls_0038__clean,,unknown,clean,,HIS INSTANT OF PANIC WAS FOLLOWED BY A SMALL SHARP BLOW HIGH ON HIS CHEST,His instant panic was followed by a small sharp blow high on his chest.,1.0,-0.249148686726888,0.0013203151756897,1.0142857142857142,Non-Hallucination Error,no_hallucination,,
librispeech_fallback,ls_0038__white_10dB,,unknown,white,10.0,HIS INSTANT OF PANIC WAS FOLLOWED BY A SMALL SHARP BLOW HIGH ON HIS CHEST,This instant panic was followed by a small sharp blow high on his chest.,1.0,-0.2421784930759006,0.0117869349196553,1.0140845070422535,Non-Hallucination Error,no_hallucination,,
librispeech_fallback,ls_0038__pink_10dB,,unknown,pink,10.0,HIS INSTANT OF PANIC WAS FOLLOWED BY A SMALL SHARP BLOW HIGH ON HIS CHEST,His instant panic was followed by a small sharp blow high on his chest.,1.0,-0.2251454459296332,0.001830302295275,1.0142857142857142,Non-Hallucination Error,no_hallucination,,
librispeech_fallback,ls_0038__babble_10dB,,unknown,babble,10.0,HIS INSTANT OF PANIC WAS FOLLOWED BY A SMALL SHARP BLOW HIGH ON HIS CHEST,This instinctive panic was followed by a small sharp blow high on his chest.,1.0,-0.219545188703035,0.0064250780269503,1.027027027027027,Non-Hallucination Error,no_hallucination,,
librispeech_fallback,ls_0039__clean,,unknown,clean,,BECAUSE YOU WERE SLEEPING INSTEAD OF CONQUERING THE LOVELY ROSE PRINCESS HAS BECOME A FIDDLE WITHOUT A BOW WHILE POOR SHAGGY SITS THERE A COOING DOVE,"Because you were sleeping instead of conquering, the lovely rose princess has become a fiddle without a bow. All poor shaggy sits there, a-cooing dove.",1.0,-0.3219850930300625,0.0056231673806905,1.26890756302521,Non-Hallucination Error,no_hallucination,,
librispeech_fallback,ls_0039__white_10dB,,unknown,white,10.0,BECAUSE YOU WERE SLEEPING INSTEAD OF CONQUERING THE LOVELY ROSE PRINCESS HAS BECOME A FIDDLE WITHOUT A BOW WHILE POOR SHAGGY SITS THERE A COOING DOVE,"Because you were sleeping instead of conquering, the lovely rose princess has become a fiddle with a bow, while Port Shaggy sits there accruing dove.",1.0,-0.3978751255915715,0.0304821934551,1.2416666666666667,Non-Hallucination Error,no_hallucination,,
librispeech_fallback,ls_0039__pink_10dB,,unknown,pink,10.0,BECAUSE YOU WERE SLEEPING INSTEAD OF CONQUERING THE LOVELY ROSE PRINCESS HAS BECOME A FIDDLE WITHOUT A BOW WHILE POOR SHAGGY SITS THERE A COOING DOVE,"Because you were sleeping instead of conquering, the lovely rose princess has become a fiddle without a bow. All poor shaggy sits there, a-cooing dove.",1.0,-0.3307807012037797,0.0070949359796941,1.26890756302521,Non-Hallucination Error,no_hallucination,,
librispeech_fallback,ls_0039__babble_10dB,,unknown,babble,10.0,BECAUSE YOU WERE SLEEPING INSTEAD OF CONQUERING THE LOVELY ROSE PRINCESS HAS BECOME A FIDDLE WITHOUT A BOW WHILE POOR SHAGGY SITS THERE A COOING DOVE,"Because he was sleeping instead of conquering, the lovely rose princess has become a fiddle with a little bow. All part of Shaggy sits there, a cool dove.",1.0769230769230769,-0.4164477503576944,0.0211473945528268,1.2622950819672132,Non-Hallucination Error,no_hallucination,,
librispeech_fallback,ls_0040__clean,,unknown,clean,,HE LAMENTS MOST BITTERLY THE DIVORCE THAT HAS BEEN MADE BETWEEN DECORATIVE ART AND WHAT WE USUALLY CALL PICTURES MAKES THE CUSTOMARY APPEAL TO THE LAST JUDGMENT AND REMINDS US THAT IN THE GREAT DAYS OF ART MICHAEL ANGELO WAS THE FURNISHING UPHOLSTERER,He laments most bitterly the divorce that has been made between decorative art and what we usually call pictures. Makes a customary appeal to the last judgment and reminds us that in the great days of art Michelangelo was the furnishing upholsterer.,1.0,-0.1672117017930554,0.0029329333920031,1.4733727810650887,Hallucination Error,hallucination,,
librispeech_fallback,ls_0040__white_10dB,,unknown,white,10.0,HE LAMENTS MOST BITTERLY THE DIVORCE THAT HAS BEEN MADE BETWEEN DECORATIVE ART AND WHAT WE USUALLY CALL PICTURES MAKES THE CUSTOMARY APPEAL TO THE LAST JUDGMENT AND REMINDS US THAT IN THE GREAT DAYS OF ART MICHAEL ANGELO WAS THE FURNISHING UPHOLSTERER,"He laments most bitterly the divorce that has been made between decorative art and what we usually call pictures. Makes a customary appeal to the last judgment and reminds us that in the great days of art, Michelangelo was the furnishing upholsterer.",1.0,-0.2025686294313461,0.0286055020987987,1.4450867052023122,Non-Hallucination Error,no_hallucination,,
librispeech_fallback,ls_0040__pink_10dB,,unknown,pink,10.0,HE LAMENTS MOST BITTERLY THE DIVORCE THAT HAS BEEN MADE BETWEEN DECORATIVE ART AND WHAT WE USUALLY CALL PICTURES MAKES THE CUSTOMARY APPEAL TO THE LAST JUDGMENT AND REMINDS US THAT IN THE GREAT DAYS OF ART MICHAEL ANGELO WAS THE FURNISHING UPHOLSTERER,"He laments most bitterly the divorce that has been made between decorative art and what we usually call pictures, makes a customary appeal to the last judgment and reminds us that in the great days of art Michelangelo was the furnishing upholsterer.",1.0,-0.1557743708292643,0.0052954130806028,1.464705882352941,Hallucination Error,hallucination,,
librispeech_fallback,ls_0040__babble_10dB,,unknown,babble,10.0,HE LAMENTS MOST BITTERLY THE DIVORCE THAT HAS BEEN MADE BETWEEN DECORATIVE ART AND WHAT WE USUALLY CALL PICTURES MAKES THE CUSTOMARY APPEAL TO THE LAST JUDGMENT AND REMINDS US THAT IN THE GREAT DAYS OF ART MICHAEL ANGELO WAS THE FURNISHING UPHOLSTERER,"He laments most bitterly the divorce that has been made between decorative art and what we usually call pictures, makes a customary appeal to the last judgment and reminds us that in the great days of art Michelangelo was the furnishing upholsterer.",1.0,-0.1802117824554443,0.024849684908986,1.464705882352941,Hallucination Error,hallucination,,
librispeech_fallback,ls_0041__clean,,unknown,clean,,KALIKO HESITATED,Calico hesitated.,1.0,-0.4464010596275329,0.0341477505862712,0.68,Non-Hallucination Error,no_hallucination,,
librispeech_fallback,ls_0041__white_10dB,,unknown,white,10.0,KALIKO HESITATED,Calico hesitated.,1.0,-0.4430967569351196,0.0372633449733257,0.68,Non-Hallucination Error,no_hallucination,,
librispeech_fallback,ls_0041__pink_10dB,,unknown,pink,10.0,KALIKO HESITATED,Calico hesitated.,1.0,-0.4473536908626556,0.0460059009492397,0.68,Non-Hallucination Error,no_hallucination,,
librispeech_fallback,ls_0041__babble_10dB,,unknown,babble,10.0,KALIKO HESITATED,Calico hesitated.,1.0,-0.5060781240463257,0.0636727884411811,0.68,Non-Hallucination Error,no_hallucination,,
librispeech_fallback,ls_0042__clean,,unknown,clean,,THERE COULD BE LITTLE ART IN THIS LAST AND FINAL ROUND OF FENCING,There could be little art in this last and final round of fencing.,1.0,-0.2248056199815538,0.0118089169263839,1.0,Non-Hallucination Error,no_hallucination,,
librispeech_fallback,ls_0042__white_10dB,,unknown,white,10.0,THERE COULD BE LITTLE ART IN THIS LAST AND FINAL ROUND OF FENCING,There could be little art in this last and final round of fencing.,1.0,-0.277236991458469,0.0249422062188386,1.0,Non-Hallucination Error,no_hallucination,,
librispeech_fallback,ls_0042__pink_10dB,,unknown,pink,10.0,THERE COULD BE LITTLE ART IN THIS LAST AND FINAL ROUND OF FENCING,There could be a little art in this last and final round of fencing.,1.0769230769230769,-0.2101805335596988,0.0099670272320508,1.0303030303030305,Non-Hallucination Error,no_hallucination,,
librispeech_fallback,ls_0042__babble_10dB,,unknown,babble,10.0,THERE COULD BE LITTLE ART IN THIS LAST AND FINAL ROUND OF FENCING,There could be little art in this last and final round of fencing.,1.0,-0.4160145388709174,0.0137972310185432,1.0,Non-Hallucination Error,no_hallucination,,
librispeech_fallback,ls_0043__clean,,unknown,clean,,HE HAS GONE AND GONE FOR GOOD ANSWERED POLYCHROME WHO HAD MANAGED TO SQUEEZE INTO THE ROOM BESIDE THE DRAGON AND HAD WITNESSED THE OCCURRENCES WITH MUCH INTEREST,"He has gone, and gone for good,"" answered Polychrome, who had managed to squeeze into the room beside the dragon, and had witnessed the occurrences with much interest.",1.0,-0.147767474011677,0.0080440193414688,1.3577235772357723,Hallucination Error,hallucination,,
librispeech_fallback,ls_0043__white_10dB,,unknown,white,10.0,HE HAS GONE AND GONE FOR GOOD ANSWERED POLYCHROME WHO HAD MANAGED TO SQUEEZE INTO THE ROOM BESIDE THE DRAGON AND HAD WITNESSED THE OCCURRENCES WITH MUCH INTEREST,"He has gone, and gone for good, and through Polychrome, who had managed to squeeze into the room beside the dragon, and had witnessed the occurrences with much interest.",1.0357142857142858,-0.279228755405971,0.0230299960821867,1.396694214876033,Non-Hallucination Error,no_hallucination,,
librispeech_fallback,ls_0043__pink_10dB,,unknown,pink,10.0,HE HAS GONE AND GONE FOR GOOD ANSWERED POLYCHROME WHO HAD MANAGED TO SQUEEZE INTO THE ROOM BESIDE THE DRAGON AND HAD WITNESSED THE OCCURRENCES WITH MUCH INTEREST,"He has gone, and gone for good,"" answered Polychrome, who had managed to squeeze into the room beside the dragon, and had witnessed the occurrences with much interest.",1.0,-0.147774684719923,0.0047488003037869,1.3577235772357723,Hallucination Error,hallucination,,
librispeech_fallback,ls_0043__babble_10dB,,unknown,babble,10.0,HE HAS GONE AND GONE FOR GOOD ANSWERED POLYCHROME WHO HAD MANAGED TO SQUEEZE INTO THE ROOM BESIDE THE DRAGON AND HAD WITNESSED THE OCCURRENCES WITH MUCH INTEREST,"He has gone, and gone for good, and so Polychrome would manage to squeeze into the room beside the dragon and had witnessed the occurrences with much interest.",1.0,-0.3006056516598432,0.0241203270852565,1.358974358974359,Non-Hallucination Error,no_hallucination,,
librispeech_fallback,ls_0044__clean,,unknown,clean,,ONE MINUTE A VOICE SAID AND THE TIME BUZZER SOUNDED,"One minute, a voice said, and a time buzzer sounded.",1.0,-0.3114056026234346,0.0387621372938156,0.912280701754386,Non-Hallucination Error,no_hallucination,,
librispeech_fallback,ls_0044__white_10dB,,unknown,white,10.0,ONE MINUTE A VOICE SAID AND THE TIME BUZZER SOUNDED,"One minute, a voice said, and the time buzzer sounded.",1.0,-0.373447249917423,0.0580522343516349,0.9,Non-Hallucination Error,no_hallucination,,
librispeech_fallback,ls_0044__pink_10dB,,unknown,pink,10.0,ONE MINUTE A VOICE SAID AND THE TIME BUZZER SOUNDED,"One minute, a voice said, and a time buzzer sounded.",1.0,-0.3049719193402458,0.0318437106907367,0.912280701754386,Non-Hallucination Error,no_hallucination,,
librispeech_fallback,ls_0044__babble_10dB,,unknown,babble,10.0,ONE MINUTE A VOICE SAID AND THE TIME BUZZER SOUNDED,"One minute, a voice said, and the time buzzer sounded.",1.0,-0.3224179604474236,0.0451776683330535,0.9,Non-Hallucination Error,no_hallucination,,
librispeech_fallback,ls_0045__clean,,unknown,clean,,PARTICULARLY SO ON THIS LAST NIGHT WHEN ONLY TWO OF THE LITTLE CUBICLES WERE OCCUPIED THE THOUSANDS OF OTHERS STANDING WITH DARK EMPTY DOORS,"Particularly so, on this last night, when only two of the little cubicles were occupied, the thousands of others standing with dark, empty doors.",1.0,-0.170211683000837,0.0080340998247265,1.2831858407079646,Hallucination Error,hallucination,,
librispeech_fallback,ls_0045__white_10dB,,unknown,white,10.0,PARTICULARLY SO ON THIS LAST NIGHT WHEN ONLY TWO OF THE LITTLE CUBICLES WERE OCCUPIED THE THOUSANDS OF OTHERS STANDING WITH DARK EMPTY DOORS,"Particularly so, on this last night, when only two of the little cubicles were occupied, the thousands of others standing with dark, empty doors.",1.0,-0.1909711974007742,0.0269511342048645,1.2831858407079646,Hallucination Error,hallucination,,
librispeech_fallback,ls_0045__pink_10dB,,unknown,pink,10.0,PARTICULARLY SO ON THIS LAST NIGHT WHEN ONLY TWO OF THE LITTLE CUBICLES WERE OCCUPIED THE THOUSANDS OF OTHERS STANDING WITH DARK EMPTY DOORS,"Particularly so, on this last night, when only two of the little cubicles were occupied, the thousands of others standing with dark, empty doors.",1.0,-0.187103761945452,0.0101265832781791,1.2831858407079646,Hallucination Error,hallucination,,
librispeech_fallback,ls_0045__babble_10dB,,unknown,babble,10.0,PARTICULARLY SO ON THIS LAST NIGHT WHEN ONLY TWO OF THE LITTLE CUBICLES WERE OCCUPIED THE THOUSANDS OF OTHERS STANDING WITH DARK EMPTY DOORS,"Particularly so, on this last night, when only two of the little cubicles were occupied, the thousands of others standing with dark, empty doors.",1.0,-0.2103020259312221,0.0199028234928846,1.2831858407079646,Non-Hallucination Error,no_hallucination,,
librispeech_fallback,ls_0046__clean,,unknown,clean,,HE HAS GRAVE DOUBTS WHETHER SIR FREDERICK LEIGHTON'S WORK IS REALLY GREEK AFTER ALL AND CAN DISCOVER IN IT BUT LITTLE OF ROCKY ITHACA,He has grave doubts whether Sir Frederick Layton's work is really Greek after all and can discover in it but little of rocky Ithaca.,1.0,-0.2063026568468879,0.0114868758246302,1.1785714285714286,Non-Hallucination Error,no_hallucination,,
librispeech_fallback,ls_0046__white_10dB,,unknown,white,10.0,HE HAS GRAVE DOUBTS WHETHER SIR FREDERICK LEIGHTON'S WORK IS REALLY GREEK AFTER ALL AND CAN DISCOVER IN IT BUT LITTLE OF ROCKY ITHACA,He has great doubts whether Sir Frederick Layton's work is really great after all and can discover in it but little of Wauke Ithaca.,1.0,-0.3586865001254611,0.0705545172095298,1.1891891891891893,Non-Hallucination Error,no_hallucination,,
librispeech_fallback,ls_0046__pink_10dB,,unknown,pink,10.0,HE HAS GRAVE DOUBTS WHETHER SIR FREDERICK LEIGHTON'S WORK IS REALLY GREEK AFTER ALL AND CAN DISCOVER IN IT BUT LITTLE OF ROCKY ITHACA,He has grave doubts whether Sir Frederick Layton's work is really Greek after all and can discover in it but little of rocky Ithaca.,1.0,-0.2116294888889088,0.0113099012523889,1.1785714285714286,Non-Hallucination Error,no_hallucination,,
librispeech_fallback,ls_0046__babble_10dB,,unknown,babble,10.0,HE HAS GRAVE DOUBTS WHETHER SIR FREDERICK LEIGHTON'S WORK IS REALLY GREEK AFTER ALL AND CAN DISCOVER IN IT BUT LITTLE OF ROCKY ITHACA,"He has graved doubts whether Sir Frederick Layton's work is really grieved after all, and can discover in it but little of Wati Ithaca.",1.0,-0.4367214002107319,0.0219204425811767,1.1842105263157894,Non-Hallucination Error,no_hallucination,,
librispeech_fallback,ls_0047__clean,,unknown,clean,,THAT'S FUNNY REMARKED BETSY THOUGHTFULLY,"That's funny, remarked Betsy thoughtfully.",1.0,-0.2995381355285644,0.0266301184892654,0.84,Non-Hallucination Error,no_hallucination,,
librispeech_fallback,ls_0047__white_10dB,,unknown,white,10.0,THAT'S FUNNY REMARKED BETSY THOUGHTFULLY,"That's funny, remarked a bit thoughtfully.",1.2,-0.4872338090624128,0.0340581312775611,0.84,Non-Hallucination Error,no_hallucination,,
librispeech_fallback,ls_0047__pink_10dB,,unknown,pink,10.0,THAT'S FUNNY REMARKED BETSY THOUGHTFULLY,"That's funny, remarked Betsy thoughtfully.",1.0,-0.2893470355442592,0.0120218489319086,0.84,Non-Hallucination Error,no_hallucination,,
librispeech_fallback,ls_0047__babble_10dB,,unknown,babble,10.0,THAT'S FUNNY REMARKED BETSY THOUGHTFULLY,"That's funny, remarked a bit too thoughtfully.",1.4,-0.4008365631103515,0.0234376844018697,0.8518518518518519,Non-Hallucination Error,no_hallucination,,
librispeech_fallback,ls_0048__clean,,unknown,clean,,THE METAL FOREST IS IN THE GREAT DOMED CAVERN THE LARGEST IN ALL OUR DOMINIONS REPLIED KALIKO,"The middle forest is in the great domed cavern, the largest in all our dominions,"" replied Calico.",1.0,-0.2934918239198882,0.0156033700332045,1.1395348837209305,Non-Hallucination Error,no_hallucination,,
librispeech_fallback,ls_0048__white_10dB,,unknown,white,10.0,THE METAL FOREST IS IN THE GREAT DOMED CAVERN THE LARGEST IN ALL OUR DOMINIONS REPLIED KALIKO,"The middle forest is in the great domed cavern, the largest in all our dominions, replied Calico.",1.0,-0.2626263123971444,0.020379826426506,1.1411764705882352,Non-Hallucination Error,no_hallucination,,
librispeech_fallback,ls_0048__pink_10dB,,unknown,pink,10.0,THE METAL FOREST IS IN THE GREAT DOMED CAVERN THE LARGEST IN ALL OUR DOMINIONS REPLIED KALIKO,"The middle forest is in the great domed cavern, the largest in all our dominions, replied Calico.",1.0,-0.2578205002678765,0.02184284850955,1.1411764705882352,Non-Hallucination Error,no_hallucination,,
librispeech_fallback,ls_0048__babble_10dB,,unknown,babble,10.0,THE METAL FOREST IS IN THE GREAT DOMED CAVERN THE LARGEST IN ALL OUR DOMINIONS REPLIED KALIKO,"The middle forest is in the great domed cavern, the largest in all our dominions, with like Calico.",1.0588235294117647,-0.4307376861572266,0.0189067330211401,1.1647058823529413,Non-Hallucination Error,no_hallucination,,
librispeech_fallback,ls_0049__clean,,unknown,clean,,NEAR THE FIRE AND THE ORNAMENTS FRED BROUGHT HOME FROM INDIA ON THE MANTEL BOARD,"near the fire, and the ornaments Fred brought home from India on the mental board.",1.0,-0.2359026193618774,0.0015727255959063,1.108108108108108,Non-Hallucination Error,no_hallucination,,
librispeech_fallback,ls_0049__white_10dB,,unknown,white,10.0,NEAR THE FIRE AND THE ORNAMENTS FRED BROUGHT HOME FROM INDIA ON THE MANTEL BOARD,"near the fire, and the ornaments Fred brought home from India on the mental board.",1.0,-0.2358643770217895,0.0290788877755403,1.108108108108108,Non-Hallucination Error,no_hallucination,,
librispeech_fallback,ls_0049__pink_10dB,,unknown,pink,10.0,NEAR THE FIRE AND THE ORNAMENTS FRED BROUGHT HOME FROM INDIA ON THE MANTEL BOARD,"near the fire, and the ornaments Fred brought home from India on the mental board.",1.0,-0.1777998924255371,0.0034820241853594,1.108108108108108,Hallucination Error,hallucination,,
librispeech_fallback,ls_0049__babble_10dB,,unknown,babble,10.0,NEAR THE FIRE AND THE ORNAMENTS FRED BROUGHT HOME FROM INDIA ON THE MANTEL BOARD,"near the fire, and the ornaments Fred brought home from India on the mental board.",1.0,-0.254728889465332,0.026594141498208,1.108108108108108,Non-Hallucination Error,no_hallucination,,
librispeech_fallback,ls_0050__clean,,unknown,clean,,THERE APPEARED TO BE AN IMMEDIATE ASSOCIATION WITH THE DEATH TRAUMA AS IF THE TWO WERE INEXTRICABLY LINKED INTO ONE,"There appeared to be an immediate association with the death trauma, as if the two were inextricably linked into one.",1.0,-0.1518055280049642,0.0151475491002202,1.2061855670103092,Hallucination Error,hallucination,,
librispeech_fallback,ls_0050__white_10dB,,unknown,white,10.0,THERE APPEARED TO BE AN IMMEDIATE ASSOCIATION WITH THE DEATH TRAUMA AS IF THE TWO WERE INEXTRICABLY LINKED INTO ONE,"There appeared to be an immediate association with the Death Dramat, as if the two were inexplicably linked into one.",1.0,-0.298583492155998,0.0774969086050987,1.181818181818182,Non-Hallucination Error,no_hallucination,,
librispeech_fallback,ls_0050__pink_10dB,,unknown,pink,10.0,THERE APPEARED TO BE AN IMMEDIATE ASSOCIATION WITH THE DEATH TRAUMA AS IF THE TWO WERE INEXTRICABLY LINKED INTO ONE,"There appeared to be an immediate association with the death trauma, as if the two were inextricably linked into one.",1.0,-0.1528724829355875,0.0173661578446626,1.2061855670103092,Hallucination Error,hallucination,,
librispeech_fallback,ls_0050__babble_10dB,,unknown,babble,10.0,THERE APPEARED TO BE AN IMMEDIATE ASSOCIATION WITH THE DEATH TRAUMA AS IF THE TWO WERE INEXTRICABLY LINKED INTO ONE,"There appeared to be an immediate association with the Death Trauma, as if the two were inexplicably linked into one.",1.0,-0.2934123992919922,0.0683280155062675,1.17,Non-Hallucination Error,no_hallucination,,
librispeech_fallback,ls_0051__clean,,unknown,clean,,IROLG LOOKED AMAZED AT THE SUDDEN FURY OF THE ATTACK THEN SMILED,"I rolled, clicked the maze at the sudden fury of the attack, then smiled.",1.1666666666666667,-0.3153603076934814,0.0153666632249951,1.028169014084507,Non-Hallucination Error,no_hallucination,,
librispeech_fallback,ls_0051__white_10dB,,unknown,white,10.0,IROLG LOOKED AMAZED AT THE SUDDEN FURY OF THE ATTACK THEN SMILED,"I won't look amazed at the sudden fury of the attack, then smile.",1.0833333333333333,-0.3025763913204795,0.0524058602750301,0.9701492537313432,Non-Hallucination Error,no_hallucination,,
librispeech_fallback,ls_0051__pink_10dB,,unknown,pink,10.0,IROLG LOOKED AMAZED AT THE SUDDEN FURY OF THE ATTACK THEN SMILED,"I rolled, clicked the maze at the sudden fury of the attack, then smiled.",1.1666666666666667,-0.3129748582839965,0.0274155493825674,1.028169014084507,Non-Hallucination Error,no_hallucination,,
librispeech_fallback,ls_0051__babble_10dB,,unknown,babble,10.0,IROLG LOOKED AMAZED AT THE SUDDEN FURY OF THE ATTACK THEN SMILED,"I rolled with the maze at the sudden fury of the attack, then smiled.",1.1666666666666667,-0.3680463590120014,0.0589067339897155,1.0298507462686568,Non-Hallucination Error,no_hallucination,,
librispeech_fallback,ls_0052__clean,,unknown,clean,,THE CONTESTANTS IN THE TWENTIES NEEDED UNDISTURBED REST THEREFORE NIGHTS IN THE DORMITORIES WERE AS QUIET AS DEATH,"The contestants in the 20s needed undisturbed rest. Therefore, knights in the dormitories were as quiet as death.",1.0,-0.2679809331893921,0.0077932905405759,1.202127659574468,Non-Hallucination Error,no_hallucination,,
librispeech_fallback,ls_0052__white_10dB,,unknown,white,10.0,THE CONTESTANTS IN THE TWENTIES NEEDED UNDISTURBED REST THEREFORE NIGHTS IN THE DORMITORIES WERE AS QUIET AS DEATH,"The contestants in the 20s needed undisturbed rest. Therefore, knights in the dormitories were as quiet as death.",1.0,-0.2265900820493698,0.027462737634778,1.202127659574468,Non-Hallucination Error,no_hallucination,,
librispeech_fallback,ls_0052__pink_10dB,,unknown,pink,10.0,THE CONTESTANTS IN THE TWENTIES NEEDED UNDISTURBED REST THEREFORE NIGHTS IN THE DORMITORIES WERE AS QUIET AS DEATH,"The contestants in the 20s needed undisturbed rest. Therefore, knights in the dormitories were as quiet as death.",1.0,-0.2749109864234924,0.0099813276901841,1.202127659574468,Non-Hallucination Error,no_hallucination,,
librispeech_fallback,ls_0052__babble_10dB,,unknown,babble,10.0,THE CONTESTANTS IN THE TWENTIES NEEDED UNDISTURBED REST THEREFORE NIGHTS IN THE DORMITORIES WERE AS QUIET AS DEATH,"The contestants in the 20s needed undisturbed rest. Therefore, knights in the dormitories were as quiet as death.",1.0,-0.2124155610799789,0.0117190331220626,1.202127659574468,Non-Hallucination Error,no_hallucination,,
librispeech_fallback,ls_0053__clean,,unknown,clean,,ON THE GENERAL PRINCIPLES OF ART MISTER QUILTER WRITES WITH EQUAL LUCIDITY,"Under general principles of art, Mr. Krilter writes with equal lucidity.",1.0,-0.3207335472106933,0.0010811315150931,0.96,Non-Hallucination Error,no_hallucination,,
librispeech_fallback,ls_0053__white_10dB,,unknown,white,10.0,ON THE GENERAL PRINCIPLES OF ART MISTER QUILTER WRITES WITH EQUAL LUCIDITY,"On the general principles of art, Mr. Krilter writes with equal lucidity.",1.0,-0.270737125760033,0.0038355747237801,0.9864864864864864,Non-Hallucination Error,no_hallucination,,
librispeech_fallback,ls_0053__pink_10dB,,unknown,pink,10.0,ON THE GENERAL PRINCIPLES OF ART MISTER QUILTER WRITES WITH EQUAL LUCIDITY,"Under general principles of art, Mr. Krilter writes with equal lucidity.",1.0,-0.3135583162307739,0.0012248636921867,0.96,Non-Hallucination Error,no_hallucination,,
librispeech_fallback,ls_0053__babble_10dB,,unknown,babble,10.0,ON THE GENERAL PRINCIPLES OF ART MISTER QUILTER WRITES WITH EQUAL LUCIDITY,"On the general principles of art, Mr. Krilker writes with equal lucidity.",1.0,-0.3374236424763997,0.0061074951663613,0.9733333333333334,Non-Hallucination Error,no_hallucination,,
librispeech_fallback,ls_0054__clean,,unknown,clean,,KALIKO WENT TO THE BIG GONG AND POUNDED ON IT JUST AS RUGGEDO USED TO DO BUT NO ONE ANSWERED THE SUMMONS,"Calico went to the big gong and pounded on it just as Virgato used to do, but no one answered the summons.",1.0,-0.3033645357404436,0.0091004166752099,1.164835164835165,Non-Hallucination Error,no_hallucination,,
librispeech_fallback,ls_0054__white_10dB,,unknown,white,10.0,KALIKO WENT TO THE BIG GONG AND POUNDED ON IT JUST AS RUGGEDO USED TO DO BUT NO ONE ANSWERED THE SUMMONS,"Calico went to the big gong and pounded on it just as Burgudor used to do, but no one answered the summons.",1.0,-0.3156599564985795,0.0397296585142612,1.1888888888888889,Non-Hallucination Error,no_hallucination,,
librispeech_fallback,ls_0054__pink_10dB,,unknown,pink,10.0,KALIKO WENT TO THE BIG GONG AND POUNDED ON IT JUST AS RUGGEDO USED TO DO BUT NO ONE ANSWERED THE SUMMONS,"Calico went to the big gong and pounded on it just as Virgo used to do, but no one answered the summons.",1.0,-0.2642284561606014,0.0077976970933377,1.181818181818182,Non-Hallucination Error,no_hallucination,,
librispeech_fallback,ls_0054__babble_10dB,,unknown,babble,10.0,KALIKO WENT TO THE BIG GONG AND POUNDED ON IT JUST AS RUGGEDO USED TO DO BUT NO ONE ANSWERED THE SUMMONS,"Calico went to the big gong and pounded on it just as buggerently used to do, but no one answered the summons.",1.0,-0.2928675160263524,0.049503531306982,1.2087912087912087,Non-Hallucination Error,no_hallucination,,
librispeech_fallback,ls_0055__clean,,unknown,clean,,THIS IS PHYSICALLY IMPOSSIBLE WHEN CONSCIOUS,This is physically impossible when conscious.,1.0,-0.2892158508300781,0.0090981870889663,0.8823529411764706,Non-Hallucination Error,no_hallucination,,
librispeech_fallback,ls_0055__white_10dB,,unknown,white,10.0,THIS IS PHYSICALLY IMPOSSIBLE WHEN CONSCIOUS,This is physically impossible when conscious.,1.0,-0.2656406164169311,0.008490402251482,0.8823529411764706,Non-Hallucination Error,no_hallucination,,
librispeech_fallback,ls_0055__pink_10dB,,unknown,pink,10.0,THIS IS PHYSICALLY IMPOSSIBLE WHEN CONSCIOUS,This is physically impossible when conscious.,1.0,-0.3125386238098144,0.0102983517572283,0.8823529411764706,Non-Hallucination Error,no_hallucination,,
librispeech_fallback,ls_0055__babble_10dB,,unknown,babble,10.0,THIS IS PHYSICALLY IMPOSSIBLE WHEN CONSCIOUS,This is physically impossible when conscious.,1.0,-0.267110013961792,0.0051956200040876,0.8823529411764706,Non-Hallucination Error,no_hallucination,,
librispeech_fallback,ls_0056__clean,,unknown,clean,,IN FACT HE IS QUITE SEVERE ON MISTER RUSKIN FOR NOT RECOGNISING THAT A PICTURE SHOULD DENOTE THE FRAILTY OF MAN AND REMARKS WITH PLEASING COURTESY AND FELICITOUS GRACE THAT MANY PHASES OF FEELING,"In fact, he is quite severe on Mr. Ruskin for not recognizing that a picture should denote the frailty of man, and remarks with pleasing courtesy and felicitous grace that, many phases of feeling",1.0,-0.2207530274683115,0.005993066355586,1.3541666666666667,Non-Hallucination Error,no_hallucination,,
librispeech_fallback,ls_0056__white_10dB,,unknown,white,10.0,IN FACT HE IS QUITE SEVERE ON MISTER RUSKIN FOR NOT RECOGNISING THAT A PICTURE SHOULD DENOTE THE FRAILTY OF MAN AND REMARKS WITH PLEASING COURTESY AND FELICITOUS GRACE THAT MANY PHASES OF FEELING,"In fact, he is quite severe on Mr. Ruskin, for not recognizing that a picture should denote the frailty of man, and remarks with pleasing courtesy and felicitous grace that many phases of feeling.",1.0,-0.2709501457214355,0.0153069589287042,1.3517241379310343,Non-Hallucination Error,no_hallucination,,
librispeech_fallback,ls_0056__pink_10dB,,unknown,pink,10.0,IN FACT HE IS QUITE SEVERE ON MISTER RUSKIN FOR NOT RECOGNISING THAT A PICTURE SHOULD DENOTE THE FRAILTY OF MAN AND REMARKS WITH PLEASING COURTESY AND FELICITOUS GRACE THAT MANY PHASES OF FEELING,"In fact, he is quite severe on Mr. Ruskin for not recognizing that a picture should denote the frailty of man, and remarks with pleasing courtesy and felicitous grace that, many phases of feeling",1.0,-0.222247298882932,0.0077989706769585,1.3541666666666667,Non-Hallucination Error,no_hallucination,,
librispeech_fallback,ls_0056__babble_10dB,,unknown,babble,10.0,IN FACT HE IS QUITE SEVERE ON MISTER RUSKIN FOR NOT RECOGNISING THAT A PICTURE SHOULD DENOTE THE FRAILTY OF MAN AND REMARKS WITH PLEASING COURTESY AND FELICITOUS GRACE THAT MANY PHASES OF FEELING,"In fact, it is quite severe on Mr. Ruskin for not recognizing that a picture should denote the failure of man, and remarks with pleasing courtesy and close to this grace that, in many phases of feeling,",1.088235294117647,-0.4077607345581054,0.0125128105282783,1.3835616438356164,Non-Hallucination Error,no_hallucination,,
librispeech_fallback,ls_0057__clean,,unknown,clean,,A RED HAIRED MOUNTAIN OF A MAN WITH AN APPARENTLY INEXHAUSTIBLE STORE OF ENERGY,A red-haired mountain of a man with an apparently inexhaustible store of energy.,0.9285714285714286,-0.1664511639138926,0.00482332194224,1.0526315789473684,Hallucination Error,hallucination,,
librispeech_fallback,ls_0057__white_10dB,,unknown,white,10.0,A RED HAIRED MOUNTAIN OF A MAN WITH AN APPARENTLY INEXHAUSTIBLE STORE OF ENERGY,A red-haired mountain of a man with an apparently inexhaustible store of energy.,0.9285714285714286,-0.2415903340215268,0.0483767427504062,1.0526315789473684,Non-Hallucination Error,no_hallucination,,
librispeech_fallback,ls_0057__pink_10dB,,unknown,pink,10.0,A RED HAIRED MOUNTAIN OF A MAN WITH AN APPARENTLY INEXHAUSTIBLE STORE OF ENERGY,A red-haired mountain of a man with an apparently inexhaustible store of energy.,0.9285714285714286,-0.1633674994758937,0.0053759305737912,1.0526315789473684,Hallucination Error,hallucination,,
librispeech_fallback,ls_0057__babble_10dB,,unknown,babble,10.0,A RED HAIRED MOUNTAIN OF A MAN WITH AN APPARENTLY INEXHAUSTIBLE STORE OF ENERGY,A red-haired mountain of a man with an apparently inexhaustible stored energy.,0.9285714285714286,-0.2683470465920188,0.0419051423668861,1.04,Non-Hallucination Error,no_hallucination,,
librispeech_fallback,ls_0058__clean,,unknown,clean,,SWEAT COVERED BRION'S BODY TRICKLING INTO THE TIGHT LOINCLOTH THAT WAS THE ONLY GARMENT HE WORE,"Sweat covered Brion's body, trickling into the tight-loin cloth that was the only garment he wore.",1.0,-0.3165676752726237,0.0127932280302047,1.101123595505618,Non-Hallucination Error,no_hallucination,,
librispeech_fallback,ls_0058__white_10dB,,unknown,white,10.0,SWEAT COVERED BRION'S BODY TRICKLING INTO THE TIGHT LOINCLOTH THAT WAS THE ONLY GARMENT HE WORE,"Sweat covered Brienne's body, trickling into the tight-walled cloth that was the only garment he wore.",1.0,-0.473297051021031,0.0724939778447151,1.096774193548387,Non-Hallucination Error,no_hallucination,,
librispeech_fallback,ls_0058__pink_10dB,,unknown,pink,10.0,SWEAT COVERED BRION'S BODY TRICKLING INTO THE TIGHT LOINCLOTH THAT WAS THE ONLY GARMENT HE WORE,"Sweat covered Brion's body, trickling into the tight-loin cloth that was the only garment he wore.",1.0,-0.320370356241862,0.0193688701838254,1.101123595505618,Non-Hallucination Error,no_hallucination,,
librispeech_fallback,ls_0058__babble_10dB,,unknown,babble,10.0,SWEAT COVERED BRION'S BODY TRICKLING INTO THE TIGHT LOINCLOTH THAT WAS THE ONLY GARMENT HE WORE,"Sweat covered Brienne's body, trickling into the tight-worn cloth that was the only garment he wore.",1.0,-0.4296920299530029,0.0518128834664821,1.098901098901099,Non-Hallucination Error,no_hallucination,,
librispeech_fallback,ls_0059__clean,,unknown,clean,,THE BUZZER'S WHIRR TRIGGERED HIS MUSCLES INTO COMPLETE RELAXATION,The buzzers were triggered his muscles into complete relaxation.,1.0,-0.3530723026820591,0.0060478905215859,0.9411764705882352,Non-Hallucination Error,no_hallucination,,
librispeech_fallback,ls_0059__white_10dB,,unknown,white,10.0,THE BUZZER'S WHIRR TRIGGERED HIS MUSCLES INTO COMPLETE RELAXATION,The buzzers were triggered as muscles and completely relaxation.,1.0,-0.5471246583121163,0.0115750003606081,0.9411764705882352,Non-Hallucination Error,no_hallucination,,
librispeech_fallback,ls_0059__pink_10dB,,unknown,pink,10.0,THE BUZZER'S WHIRR TRIGGERED HIS MUSCLES INTO COMPLETE RELAXATION,The buzzers were triggered his muscles into complete relaxation.,1.0,-0.3417553901672363,0.0090520130470395,0.9411764705882352,Non-Hallucination Error,no_hallucination,,
librispeech_fallback,ls_0059__babble_10dB,,unknown,babble,10.0,THE BUZZER'S WHIRR TRIGGERED HIS MUSCLES INTO COMPLETE RELAXATION,The buzzers were triggered as muscles and complete relaxation.,1.0,-0.4941023077283586,0.0106725171208381,0.9253731343283582,Non-Hallucination Error,no_hallucination,,
librispeech_fallback,ls_0060__clean,,unknown,clean,,HE EATS AND SLEEPS VERY STEADILY REPLIED THE NEW KING,"He eats and sleeps very steadily, replied the new king.",1.0,-0.2537384827931722,0.0099287210032343,0.9166666666666666,Non-Hallucination Error,no_hallucination,,
librispeech_fallback,ls_0060__white_10dB,,unknown,white,10.0,HE EATS AND SLEEPS VERY STEADILY REPLIED THE NEW KING,"He eats and sleeps very steadily, replied the new king.",1.0,-0.3869777043660481,0.0539211891591548,0.9166666666666666,Non-Hallucination Error,no_hallucination,,
librispeech_fallback,ls_0060__pink_10dB,,unknown,pink,10.0,HE EATS AND SLEEPS VERY STEADILY REPLIED THE NEW KING,"He eats and sleeps very steadily, replied the new king.",1.0,-0.2510796070098877,0.0086555257439613,0.9166666666666666,Non-Hallucination Error,no_hallucination,,
librispeech_fallback,ls_0060__babble_10dB,,unknown,babble,10.0,HE EATS AND SLEEPS VERY STEADILY REPLIED THE NEW KING,"He eats and sleeps very steadily, replied the new king.",1.0,-0.2766488075256347,0.0414095669984817,0.9166666666666666,Non-Hallucination Error,no_hallucination,,
librispeech_fallback,ls_0061__clean,,unknown,clean,,THE KING HAS FLED IN DISGRACE AND YOUR FRIENDS ARE ASKING FOR YOU,The king has flooded this grace and your friends are asking for you.,1.0,-0.3171750236960018,0.0045298323966562,1.0,Non-Hallucination Error,no_hallucination,,
librispeech_fallback,ls_0061__white_10dB,,unknown,white,10.0,THE KING HAS FLED IN DISGRACE AND YOUR FRIENDS ARE ASKING FOR YOU,The king is for the disgrace of your friends who are asking for you.,1.0769230769230769,-0.4247351752387153,0.0370531156659126,1.0,Non-Hallucination Error,no_hallucination,,
librispeech_fallback,ls_0061__pink_10dB,,unknown,pink,10.0,THE KING HAS FLED IN DISGRACE AND YOUR FRIENDS ARE ASKING FOR YOU,The king has flooded this grace and your friends are asking for you.,1.0,-0.3125182881074793,0.005715790670365,1.0,Non-Hallucination Error,no_hallucination,,
librispeech_fallback,ls_0061__babble_10dB,,unknown,babble,10.0,THE KING HAS FLED IN DISGRACE AND YOUR FRIENDS ARE ASKING FOR YOU,The king has flooded this grace and your friends are asking for you.,1.0,-0.3518533145680147,0.0139968283474445,1.0,Non-Hallucination Error,no_hallucination,,
librispeech_fallback,ls_0062__clean,,unknown,clean,,I DON'T BELIEVE ANN KNEW ANY MAGIC OR SHE'D HAVE WORKED IT BEFORE,I don't believe Ann knew any magic or she'd have worked it before.,0.9230769230769232,-0.2363549784610146,0.0102934129536151,0.9428571428571428,Non-Hallucination Error,no_hallucination,,
librispeech_fallback,ls_0062__white_10dB,,unknown,white,10.0,I DON'T BELIEVE ANN KNEW ANY MAGIC OR SHE'D HAVE WORKED IT BEFORE,"I don't believe Anne knew any magic, was she the one to before?",0.9230769230769232,-0.5025053024291992,0.0191877763718366,0.9402985074626866,Non-Hallucination Error,no_hallucination,,
librispeech_fallback,ls_0062__pink_10dB,,unknown,pink,10.0,I DON'T BELIEVE ANN KNEW ANY MAGIC OR SHE'D HAVE WORKED IT BEFORE,I don't believe Ann knew any magic or she'd have worked it before.,0.9230769230769232,-0.2482105556287263,0.010623563081026,0.9428571428571428,Non-Hallucination Error,no_hallucination,,
librispeech_fallback,ls_0062__babble_10dB,,unknown,babble,10.0,I DON'T BELIEVE ANN KNEW ANY MAGIC OR SHE'D HAVE WORKED IT BEFORE,"I don't believe Ann knew any magic, or she'd have worked it before.",0.9230769230769232,-0.3308428525924682,0.020499262958765,0.9305555555555556,Non-Hallucination Error,no_hallucination,,
librispeech_fallback,ls_0063__clean,,unknown,clean,,MISTER QUILTER IS THE APOSTLE OF THE MIDDLE CLASSES AND WE ARE GLAD TO WELCOME HIS GOSPEL,"Mr. Quilter is the apostle of the Middle Classes, and we are glad to welcome his Gospel.",1.0,-0.1951044522798978,0.0104526616632938,1.0476190476190477,Hallucination Error,hallucination,,
librispeech_fallback,ls_0063__white_10dB,,unknown,white,10.0,MISTER QUILTER IS THE APOSTLE OF THE MIDDLE CLASSES AND WE ARE GLAD TO WELCOME HIS GOSPEL,"Mr. Quilter is the apostle of the middle classes, and we are glad to welcome his gospel.",1.0,-0.2032327270507812,0.0140907885506749,1.0864197530864197,Non-Hallucination Error,no_hallucination,,
librispeech_fallback,ls_0063__pink_10dB,,unknown,pink,10.0,MISTER QUILTER IS THE APOSTLE OF THE MIDDLE CLASSES AND WE ARE GLAD TO WELCOME HIS GOSPEL,"Mr. Quilter is the apostle of the middle classes, and we are glad to welcome his gospel.",1.0,-0.2111563110351562,0.0125717800110578,1.0864197530864197,Non-Hallucination Error,no_hallucination,,
librispeech_fallback,ls_0063__babble_10dB,,unknown,babble,10.0,MISTER QUILTER IS THE APOSTLE OF THE MIDDLE CLASSES AND WE ARE GLAD TO WELCOME HIS GOSPEL,"Mr. Quilter is the apostle of the middle classes, and we are glad to welcome his gospel.",1.0,-0.224277286529541,0.0086181201040744,1.0864197530864197,Non-Hallucination Error,no_hallucination,,
librispeech_fallback,ls_0064__clean,,unknown,clean,,ONLY HIS HEART AND LUNGS WORKED ON AT A STRONG MEASURED RATE,"Only his heart and lungs worked on at a strong, measured rate.",1.0,-0.2285377698786118,0.0035895176697522,0.9393939393939394,Non-Hallucination Error,no_hallucination,,
librispeech_fallback,ls_0064__white_10dB,,unknown,white,10.0,ONLY HIS HEART AND LUNGS WORKED ON AT A STRONG MEASURED RATE,When Lee's heart and lungs worked on at a strong measured rate.,1.0,-0.3638599059161018,0.0111705502495169,0.9545454545454546,Non-Hallucination Error,no_hallucination,,
librispeech_fallback,ls_0064__pink_10dB,,unknown,pink,10.0,ONLY HIS HEART AND LUNGS WORKED ON AT A STRONG MEASURED RATE,Only his heart and lungs worked on at a strong measured rate.,1.0,-0.246623232960701,0.0040647624991834,0.9384615384615383,Non-Hallucination Error,no_hallucination,,
librispeech_fallback,ls_0064__babble_10dB,,unknown,babble,10.0,ONLY HIS HEART AND LUNGS WORKED ON AT A STRONG MEASURED RATE,"when Lee's heart and lungs worked on a strong, measured rate.",1.0,-0.4560604656443876,0.0067686401307582,0.9242424242424242,Non-Hallucination Error,no_hallucination,,
librispeech_fallback,ls_0065__clean,,unknown,clean,,ONLY UNFORTUNATELY HIS OWN WORK NEVER DOES GET GOOD,"Only, unfortunately, his own work never does get good.",1.0,-0.2201171080271403,0.0067669586278498,0.9152542372881356,Non-Hallucination Error,no_hallucination,,
librispeech_fallback,ls_0065__white_10dB,,unknown,white,10.0,ONLY UNFORTUNATELY HIS OWN WORK NEVER DOES GET GOOD,"Only, unfortunately, his own work never does get good.",1.0,-0.2668473879496256,0.0238458011299371,0.9152542372881356,Non-Hallucination Error,no_hallucination,,
librispeech_fallback,ls_0065__pink_10dB,,unknown,pink,10.0,ONLY UNFORTUNATELY HIS OWN WORK NEVER DOES GET GOOD,"Only, unfortunately, his own work never does get good.",1.0,-0.2273819764455159,0.006458789575845,0.9152542372881356,Non-Hallucination Error,no_hallucination,,
librispeech_fallback,ls_0065__babble_10dB,,unknown,babble,10.0,ONLY UNFORTUNATELY HIS OWN WORK NEVER DOES GET GOOD,"Only, unfortunately, his own work never does get good.",1.0,-0.2812470118204752,0.0195231959223747,0.9152542372881356,Non-Hallucination Error,no_hallucination,,
librispeech_fallback,ls_0066__clean,,unknown,clean,,THE TWENTIES,the 20s.,1.0,-0.7055721282958984,0.0743578597903251,0.5,Non-Hallucination Error,no_hallucination,,
librispeech_fallback,ls_0066__white_10dB,,unknown,white,10.0,THE TWENTIES,the 20s.,1.0,-0.7680708340236119,0.2321488857269287,0.5,Non-Hallucination Error,no_hallucination,,
librispeech_fallback,ls_0066__pink_10dB,,unknown,pink,10.0,THE TWENTIES,the 20s.,1.0,-0.6782583509172712,0.0897227227687835,0.5,Non-Hallucination Error,no_hallucination,,
librispeech_fallback,ls_0066__babble_10dB,,unknown,babble,10.0,THE TWENTIES,The Twenties.,1.0,-0.7461643815040588,0.134096547961235,0.6190476190476191,Non-Hallucination Error,no_hallucination,,
librispeech_fallback,ls_0067__clean,,unknown,clean,,BY HARRY QUILTER M A,"by Harry Quilter, M.A.",1.0,-0.3212326856759878,0.0582129284739494,0.7333333333333333,Non-Hallucination Error,no_hallucination,,
librispeech_fallback,ls_0067__white_10dB,,unknown,white,10.0,BY HARRY QUILTER M A,by Harry Quilter M.A.,1.0,-0.4539626042048136,0.1306266188621521,0.7241379310344828,Non-Hallucination Error,no_hallucination,,
librispeech_fallback,ls_0067__pink_10dB,,unknown,pink,10.0,BY HARRY QUILTER M A,by Harry Quilter MA.,1.0,-0.403072452545166,0.0590547360479831,0.7142857142857143,Non-Hallucination Error,no_hallucination,,
librispeech_fallback,ls_0067__babble_10dB,,unknown,babble,10.0,BY HARRY QUILTER M A,by Harry Cropper and A.,1.0,-0.6576226711273193,0.077183574438095,0.7419354838709677,Non-Hallucination Error,no_hallucination,,
librispeech_fallback,ls_0068__clean,,unknown,clean,,MISTER QUILTER HAS MISSED HIS CHANCE FOR HE HAS FAILED EVEN TO MAKE HIMSELF THE TUPPER OF PAINTING,"Mr. Quilter has missed his chance, for he has failed even to make himself the tupper of painting.",1.0,-0.2227431165760961,0.0093799643218517,1.1149425287356325,Non-Hallucination Error,no_hallucination,,
librispeech_fallback,ls_0068__white_10dB,,unknown,white,10.0,MISTER QUILTER HAS MISSED HIS CHANCE FOR HE HAS FAILED EVEN TO MAKE HIMSELF THE TUPPER OF PAINTING,"Mr. Croeter has missed his chance, for he has failed even to make himself the Tupper of Painting.",1.0,-0.2766569632071036,0.0140486564487218,1.0777777777777775,Non-Hallucination Error,no_hallucination,,
librispeech_fallback,ls_0068__pink_10dB,,unknown,pink,10.0,MISTER QUILTER HAS MISSED HIS CHANCE FOR HE HAS FAILED EVEN TO MAKE HIMSELF THE TUPPER OF PAINTING,"Mr. Quilter has missed his chance, for he has failed even to make himself the tupper of painting.",1.0,-0.221121360515726,0.0129601694643497,1.1149425287356325,Non-Hallucination Error,no_hallucination,,
librispeech_fallback,ls_0068__babble_10dB,,unknown,babble,10.0,MISTER QUILTER HAS MISSED HIS CHANCE FOR HE HAS FAILED EVEN TO MAKE HIMSELF THE TUPPER OF PAINTING,"Mr. Crooker has missed his chance, for he has failed even to make himself the tupper of painting.",1.0,-0.3008043854324906,0.0150784282013773,1.1149425287356325,Non-Hallucination Error,no_hallucination,,
librispeech_fallback,ls_0069__clean,,unknown,clean,,BREATHING DEEPLY BRION SOFTLY SPOKE THE AUTO HYPNOTIC PHRASES THAT TRIGGERED THE PROCESS,"Breathing deeply, Breon softly spoke the auto-hypnotic phrases that triggered the process.",1.0,-0.3177367846171061,0.0160757154226303,1.0975609756097562,Non-Hallucination Error,no_hallucination,,
librispeech_fallback,ls_0069__white_10dB,,unknown,white,10.0,BREATHING DEEPLY BRION SOFTLY SPOKE THE AUTO HYPNOTIC PHRASES THAT TRIGGERED THE PROCESS,"Breathing deeply, bring out the softly spoke the other hypnotic phrases that triggered the process.",1.1538461538461535,-0.4127290032126687,0.0121042607352137,1.1511627906976745,Non-Hallucination Error,no_hallucination,,
librispeech_fallback,ls_0069__pink_10dB,,unknown,pink,10.0,BREATHING DEEPLY BRION SOFTLY SPOKE THE AUTO HYPNOTIC PHRASES THAT TRIGGERED THE PROCESS,"Breathing deeply, Breon's softly spoke the auto-hypnotic phrases that triggered the process.",1.0,-0.3070264625549316,0.0153085002675652,1.0952380952380951,Non-Hallucination Error,no_hallucination,,
librispeech_fallback,ls_0069__babble_10dB,,unknown,babble,10.0,BREATHING DEEPLY BRION SOFTLY SPOKE THE AUTO HYPNOTIC PHRASES THAT TRIGGERED THE PROCESS,"Breathing deeply, breathing softly, spoke the other hypnotic phrases that triggered the process.",1.0,-0.3039799871898833,0.0176578238606452,1.170731707317073,Non-Hallucination Error,no_hallucination,,
librispeech_fallback,ls_0070__clean,,unknown,clean,,I DO NOT KNOW CONFESSED SHAGGY,"I do not know, confessed Shaggy.",0.8333333333333334,-0.2800742662869967,0.0063602407462894,0.8,Non-Hallucination Error,no_hallucination,,
librispeech_fallback,ls_0070__white_10dB,,unknown,white,10.0,I DO NOT KNOW CONFESSED SHAGGY,"I do not know, confessed Shaggy.",0.8333333333333334,-0.4044753221365121,0.0217570383101701,0.8,Non-Hallucination Error,no_hallucination,,
librispeech_fallback,ls_0070__pink_10dB,,unknown,pink,10.0,I DO NOT KNOW CONFESSED SHAGGY,"I do not know, confessed Shaggy.",0.8333333333333334,-0.2883349748758169,0.0047423834912478,0.8,Non-Hallucination Error,no_hallucination,,
librispeech_fallback,ls_0070__babble_10dB,,unknown,babble,10.0,I DO NOT KNOW CONFESSED SHAGGY,"I do not know, confess Jagi.",0.8333333333333334,-0.678970734278361,0.0185600388795137,0.7777777777777778,Non-Hallucination Error,no_hallucination,,
librispeech_fallback,ls_0071__clean,,unknown,clean,,OTHERS HAD DIED BEFORE DURING THE TWENTIES AND DEATH DURING THE LAST ROUND WAS IN SOME WAYS EASIER THAN DEFEAT,"Others had died before during the 20s, and death during the last round was in some ways easier than defeat.",1.0,-0.2147185802459716,0.0258665960282087,1.2159090909090908,Non-Hallucination Error,no_hallucination,,
librispeech_fallback,ls_0071__white_10dB,,unknown,white,10.0,OTHERS HAD DIED BEFORE DURING THE TWENTIES AND DEATH DURING THE LAST ROUND WAS IN SOME WAYS EASIER THAN DEFEAT,"Others had died before during the 20s, and death during the last round was in some ways easier than defeat.",1.0,-0.2233482599258422,0.0236860439181327,1.2159090909090908,Non-Hallucination Error,no_hallucination,,
librispeech_fallback,ls_0071__pink_10dB,,unknown,pink,10.0,OTHERS HAD DIED BEFORE DURING THE TWENTIES AND DEATH DURING THE LAST ROUND WAS IN SOME WAYS EASIER THAN DEFEAT,"Others had died before during the 20s, and death during the last round was in some ways easier than defeat.",1.0,-0.2117612532206944,0.0179053712636232,1.2159090909090908,Non-Hallucination Error,no_hallucination,,
librispeech_fallback,ls_0071__babble_10dB,,unknown,babble,10.0,OTHERS HAD DIED BEFORE DURING THE TWENTIES AND DEATH DURING THE LAST ROUND WAS IN SOME WAYS EASIER THAN DEFEAT,"Others had died before during the 20s, and death during the last round was in some ways easier than defeat.",1.0,-0.22691467830113,0.0149147361516952,1.2159090909090908,Non-Hallucination Error,no_hallucination,,
librispeech_fallback,ls_0072__clean,,unknown,clean,,AS FOR ETCHINGS THEY ARE OF TWO KINDS BRITISH AND FOREIGN,"As for etchings, they are of two kinds, British and foreign.",1.0,-0.2645726956819233,0.0225496664643287,0.9230769230769232,Non-Hallucination Error,no_hallucination,,
librispeech_fallback,ls_0072__white_10dB,,unknown,white,10.0,AS FOR ETCHINGS THEY ARE OF TWO KINDS BRITISH AND FOREIGN,"As for etchings, there are of two kinds, British and foreign.",1.0,-0.3019972851401881,0.042526613920927,0.953125,Non-Hallucination Error,no_hallucination,,
librispeech_fallback,ls_0072__pink_10dB,,unknown,pink,10.0,AS FOR ETCHINGS THEY ARE OF TWO KINDS BRITISH AND FOREIGN,"As for etchings, they are of two kinds, British and foreign.",1.0,-0.2638265710127981,0.0190715473145246,0.9230769230769232,Non-Hallucination Error,no_hallucination,,
librispeech_fallback,ls_0072__babble_10dB,,unknown,babble,10.0,AS FOR ETCHINGS THEY ARE OF TWO KINDS BRITISH AND FOREIGN,"As for etchings, they are of two kinds, British and foreign.",1.0,-0.240857300005461,0.0560625009238719,0.9230769230769232,Non-Hallucination Error,no_hallucination,,
