ablation_name,features,n_features,accuracy,precision,recall,f1,roc_auc,avg_precision,det_best_threshold,det_best_fpr,det_best_fnr,det_fpr_plus_fnr
lm_perplexity + unique_token_ratio,lm_perplexity|unique_token_ratio,2,0.73,0.631578947368421,0.2033898305084746,0.3076923076923077,0.7286332491886044,0.5265156214120276,0.2661919480678489,0.3262411347517731,0.2542372881355932,0.5804784228873663
lm_perplexity + repetition_ratio + unique_token_ratio,lm_perplexity|repetition_ratio|unique_token_ratio,3,0.73,0.631578947368421,0.2033898305084746,0.3076923076923077,0.7286332491886044,0.5265156214120276,0.2661919293962815,0.3262411347517731,0.2542372881355932,0.5804784228873663
unique_token_ratio,unique_token_ratio,1,0.73,0.631578947368421,0.2033898305084746,0.3076923076923077,0.7308570741675682,0.5218044897353538,0.2618316268122615,0.3333333333333333,0.2542372881355932,0.5875706214689265
repetition_ratio + unique_token_ratio,repetition_ratio|unique_token_ratio,2,0.73,0.631578947368421,0.2033898305084746,0.3076923076923077,0.7308570741675682,0.5218044897353538,0.26183160855806387,0.3333333333333333,0.2542372881355932,0.5875706214689265
lm_perplexity + lm_surprisal_std + unique_token_ratio,lm_perplexity|lm_surprisal_std|unique_token_ratio,3,0.71,0.5238095238095238,0.1864406779661017,0.275,0.7013463156629403,0.49162377983755656,0.28247999175496763,0.24113475177304963,0.3898305084745763,0.6309652602476259
lm_perplexity + lm_surprisal_std + repetition_ratio + unique_token_ratio,lm_perplexity|lm_surprisal_std|repetition_ratio|unique_token_ratio,4,0.71,0.5238095238095238,0.1864406779661017,0.275,0.7013463156629403,0.49162377983755656,0.2824799151372581,0.24113475177304963,0.3898305084745763,0.6309652602476259
lm_surprisal_std + unique_token_ratio,lm_surprisal_std|unique_token_ratio,2,0.715,0.55,0.1864406779661017,0.27848101265822783,0.7121649236687103,0.5005757642508438,0.27156056690843516,0.2765957446808511,0.3559322033898305,0.6325279480706816
lm_surprisal_std + repetition_ratio + unique_token_ratio,lm_surprisal_std|repetition_ratio|unique_token_ratio,3,0.715,0.55,0.1864406779661017,0.27848101265822783,0.7121649236687103,0.5005757642508438,0.2715605380771556,0.2765957446808511,0.3559322033898305,0.6325279480706816
lm_avg_neg_logprob + lm_perplexity + unique_token_ratio,lm_avg_neg_logprob|lm_perplexity|unique_token_ratio,3,0.705,0.5,0.1864406779661017,0.2716049382716049,0.6919701887246062,0.4997450886656951,0.2762970836170677,0.2695035460992908,0.4067796610169492,0.6762832071162399
lm_avg_neg_logprob + lm_perplexity + repetition_ratio + unique_token_ratio,lm_avg_neg_logprob|lm_perplexity|repetition_ratio|unique_token_ratio,4,0.705,0.5,0.1864406779661017,0.2716049382716049,0.6919701887246062,0.4997450886656951,0.2762971075694322,0.2695035460992908,0.4067796610169492,0.6762832071162399
lm_avg_neg_logprob + unique_token_ratio,lm_avg_neg_logprob|unique_token_ratio,2,0.705,0.5,0.1864406779661017,0.2716049382716049,0.691729775213367,0.49950506225236424,0.2763845317091902,0.2695035460992908,0.4067796610169492,0.6762832071162399
lm_avg_neg_logprob + repetition_ratio + unique_token_ratio,lm_avg_neg_logprob|repetition_ratio|unique_token_ratio,3,0.705,0.5,0.1864406779661017,0.2716049382716049,0.691729775213367,0.49950506225236424,0.2763845177288613,0.2695035460992908,0.4067796610169492,0.6762832071162399
lm_avg_neg_logprob + lm_perplexity + lm_surprisal_std + unique_token_ratio,lm_avg_neg_logprob|lm_perplexity|lm_surprisal_std|unique_token_ratio,4,0.705,0.5,0.1864406779661017,0.2716049382716049,0.6930520495251833,0.4954897832080831,0.2932443387203669,0.22695035460992907,0.4576271186440678,0.6845774732539969
lm_avg_neg_logprob + lm_perplexity + lm_surprisal_std + repetition_ratio + unique_token_ratio,lm_avg_neg_logprob|lm_perplexity|lm_surprisal_std|repetition_ratio|unique_token_ratio,5,0.705,0.5,0.1864406779661017,0.2716049382716049,0.6930520495251833,0.4954897832080831,0.29324425876223253,0.22695035460992907,0.4576271186440678,0.6845774732539969
lm_avg_neg_logprob + lm_surprisal_std + unique_token_ratio,lm_avg_neg_logprob|lm_surprisal_std|unique_token_ratio,3,0.705,0.5,0.1864406779661017,0.2716049382716049,0.6925712225027046,0.49475767512245794,0.2947691272215568,0.22695035460992907,0.4576271186440678,0.6845774732539969
lm_avg_neg_logprob + lm_surprisal_std + repetition_ratio + unique_token_ratio,lm_avg_neg_logprob|lm_surprisal_std|repetition_ratio|unique_token_ratio,4,0.705,0.5,0.1864406779661017,0.2716049382716049,0.6925712225027046,0.49475767512245794,0.29476911916278103,0.22695035460992907,0.4576271186440678,0.6845774732539969
lm_perplexity + lm_surprisal_std,lm_perplexity|lm_surprisal_std,2,0.695,0.0,0.0,0.0,0.5877509316023561,0.3276597137205205,0.282580928754442,0.48226950354609927,0.288135593220339,0.7704050967664382
lm_perplexity + lm_surprisal_std + repetition_ratio,lm_perplexity|lm_surprisal_std|repetition_ratio,3,0.695,0.0,0.0,0.0,0.5877509316023561,0.3276597137205205,0.2825809461741441,0.48226950354609927,0.288135593220339,0.7704050967664382
lm_surprisal_std,lm_surprisal_std,1,0.705,0.0,0.0,0.0,0.5715230195937012,0.3195168835330742,0.2838470849129987,0.48936170212765956,0.288135593220339,0.7774972953479986
lm_surprisal_std + repetition_ratio,lm_surprisal_std|repetition_ratio,2,0.705,0.0,0.0,0.0,0.5715230195937012,0.3195168835330742,0.2838469081061834,0.48936170212765956,0.288135593220339,0.7774972953479986
lm_avg_neg_logprob + lm_surprisal_std,lm_avg_neg_logprob|lm_surprisal_std,2,0.72,0.8,0.06779661016949153,0.125,0.6283808150018031,0.4369980043957814,0.3791110710017871,0.11347517730496454,0.6779661016949152,0.7914412789998797
lm_avg_neg_logprob + lm_perplexity + lm_surprisal_std,lm_avg_neg_logprob|lm_perplexity|lm_surprisal_std,3,0.72,0.8,0.06779661016949153,0.125,0.6283808150018031,0.4369980043957814,0.37912996820141653,0.11347517730496454,0.6779661016949152,0.7914412789998797
lm_avg_neg_logprob + lm_surprisal_std + repetition_ratio,lm_avg_neg_logprob|lm_surprisal_std|repetition_ratio,3,0.72,0.8,0.06779661016949153,0.125,0.6283808150018031,0.4369980043957814,0.37911106578269116,0.11347517730496454,0.6779661016949152,0.7914412789998797
lm_avg_neg_logprob + lm_perplexity + lm_surprisal_std + repetition_ratio,lm_avg_neg_logprob|lm_perplexity|lm_surprisal_std|repetition_ratio,4,0.72,0.8,0.06779661016949153,0.125,0.6283808150018031,0.4369980043957814,0.37912994521868176,0.11347517730496454,0.6779661016949152,0.7914412789998797
lm_avg_neg_logprob,lm_avg_neg_logprob,1,0.72,0.8,0.06779661016949153,0.125,0.6275393677124655,0.4351300696423033,0.30683310412332854,0.28368794326241137,0.5084745762711864,0.7921625195335977
lm_avg_neg_logprob + lm_perplexity,lm_avg_neg_logprob|lm_perplexity,2,0.72,0.8,0.06779661016949153,0.125,0.6275393677124655,0.4351300696423033,0.3067921051304877,0.28368794326241137,0.5084745762711864,0.7921625195335977
lm_avg_neg_logprob + repetition_ratio,lm_avg_neg_logprob|repetition_ratio,2,0.72,0.8,0.06779661016949153,0.125,0.6275393677124655,0.4351300696423033,0.30683308912603946,0.28368794326241137,0.5084745762711864,0.7921625195335977
lm_avg_neg_logprob + lm_perplexity + repetition_ratio,lm_avg_neg_logprob|lm_perplexity|repetition_ratio,3,0.72,0.8,0.06779661016949153,0.125,0.6275393677124655,0.4351300696423033,0.30679209128084717,0.28368794326241137,0.5084745762711864,0.7921625195335977
lm_perplexity,lm_perplexity,1,0.705,0.0,0.0,0.0,0.6275393677124655,0.4351300696423033,0.3109508921857056,0.28368794326241137,0.5084745762711864,0.7921625195335977
lm_perplexity + repetition_ratio,lm_perplexity|repetition_ratio,2,0.705,0.0,0.0,0.0,0.6275393677124655,0.4351300696423033,0.3109508896505684,0.28368794326241137,0.5084745762711864,0.7921625195335977
repetition_ratio,repetition_ratio,1,0.705,0.0,0.0,0.0,0.49645390070921985,0.295,0.2947143660619174,1.0,0.0,1.0
