dataset,sample_id,reference_text,pred_text,wer,avg_logprob,no_speech_prob,compression_ratio,label_3class,hallucination_binary,annotator_id,notes,source_file,meeting_id,speaker,noise_type,snr_db,audio_path,y,lm_avg_neg_logprob,lm_perplexity,lm_surprisal_std,repetition_ratio,unique_token_ratio,token_count,true,pred,score
librispeech_fallback,ls_0024__pink_10dB,IT IS OBVIOUSLY UNNECESSARY FOR US TO POINT OUT HOW LUMINOUS THESE CRITICISMS ARE HOW DELICATE IN EXPRESSION,"It is obviously unnecessary for us to point out how luminous these criticisms are, how delicate an expression.",1.0,-0.1639738999880277,0.0187575276941061,1.1702127659574468,Hallucination Error,hallucination,,,librispeech_annotation_noisy.csv,,unknown,pink,10.0,,1,4.97166109085083,144.26632792700767,3.5965781211853027,0.0,0.9523809523809523,21,1,0,0.23922552088776017
adversarial,adv_4446-2271-0005,SHE SAVES HER HAND TOO SHE'S AT HER BEST IN THE SECOND ACT,She saves her hands too. She had her best in the same way.,1.0,-0.7375109990437826,0.1261151731014251,1.0,Hallucination Error,hallucination,member_4,,adversarial_labels (2).csv,,,,,,1,5.170769691467285,176.05028975498712,3.623422145843506,0.0,0.8666666666666667,15,1,0,0.2872541508079871
adversarial,adv_3575-170457-0024,I DON'T ALWAYS SUCCEED FOR SOMETIMES WHEN I'M TEACHING OR SEWING I WOULD RATHER BE READING OR WRITING BUT I TRY TO DENY MYSELF AND MY FATHER'S APPROBATION AMPLY REWARDED ME FOR THE PRIVATION,"I don't always succeed, because sometimes when I'm teaching or studying, I would rather be reading or writing, but I try to deny my thought, and my father's affirmation, and we reward him with permission.",0.9411764705882352,-0.4202137756347656,0.0874821990728378,1.4166666666666667,Hallucination Error,hallucination,member_4,,adversarial_labels (2).csv,,,,,,1,4.073645114898682,58.770798940920685,3.040484666824341,0.0,0.7954545454545454,44,1,0,0.33595388965417056
librispeech_fallback,ls_0006__pink_10dB,THE STRENGTH THAT ENABLES SOMEONE IN A TRANCE TO HOLD HIS BODY STIFF AND UNSUPPORTED EXCEPT AT TWO POINTS THE HEAD AND HEELS,"The strength that enables someone in a trance to hold his body stiff and unsupported except at two points, the head and heels.",1.0,-0.1408074985850941,0.0042577004060149,1.2352941176470589,Hallucination Error,hallucination,,,librispeech_annotation_noisy.csv,,unknown,pink,10.0,,1,5.58462381362915,266.30008543152064,3.3372132778167725,0.0,0.96,25,1,0,0.23193650548066708
adversarial,adv_4446-2273-0002,LAMB WOULDN'T CARE A GREAT DEAL ABOUT MANY OF THEM I FANCY,I would care to do it without having to have a high dancing.,1.0833333333333333,-1.1235563614789177,0.2425292283296585,0.967741935483871,Hallucination Error,hallucination,member_4,,adversarial_labels (2).csv,,,,,,1,4.78107213973999,119.23211503042317,3.261305809020996,0.0,0.9285714285714286,14,1,0,0.2529390843259483
adversarial,adv_7021-85628-0002,HE WAS SUCH A BIG BOY THAT HE WORE HIGH BOOTS AND CARRIED A JACK KNIFE,"He was sought of able, and he was on loop, and carried to Jack Night.",1.0,-0.7601513181413923,0.1834887415170669,1.0298507462686568,Hallucination Error,hallucination,member_4,,adversarial_labels (2).csv,,,,,,1,6.408710479736328,607.1102950462129,3.7007713317871094,0.0,0.8333333333333334,18,1,0,0.29442042171318
adversarial,adv_1188-133604-0037,EVERY LINE IN WHICH THE MASTER TRACES IT EVEN WHERE SEEMINGLY NEGLIGENT IS LOVELY AND SET DOWN WITH A MEDITATIVE CALMNESS WHICH MAKES THESE TWO ETCHINGS CAPABLE OF BEING PLACED BESIDE THE MOST TRANQUIL WORK OF HOLBEIN OR DUERER,"Every morning, after every visit, even I see in the night, with my blood and so down in the meditative calmness, which makes these citizens capable of being great and so much tranquil with the full light of the viewer.",1.0256410256410255,-0.9341236994816706,0.358360081911087,1.4533333333333334,Hallucination Error,hallucination,member_4,,adversarial_labels (2).csv,,,,,,1,4.8187971115112305,123.81606424823465,3.2100253105163574,0.0,0.7659574468085106,47,1,0,0.3534393748769129
adversarial,adv_7176-88083-0006,IT MIGHT HAVE SEEMED THAT A TROUT OF THIS SIZE WAS A FAIRLY SUBSTANTIAL MEAL,It might have seen the drop of this isalaphera with substantial meal.,1.0,-0.8832141876220703,0.1118905693292617,1.0147058823529411,Hallucination Error,hallucination,member_4,,adversarial_labels (2).csv,,,,,,1,6.090127944946289,441.4778923978789,3.0247414112091064,0.0,1.0,17,1,0,0.20730420157424936
adversarial,adv_7127-75946-0028,BY DEGREES ALL HIS HAPPINESS ALL HIS BRILLIANCY SUBSIDED INTO REGRET AND UNEASINESS SO THAT HIS LIMBS LOST THEIR POWER HIS ARMS HUNG HEAVILY BY HIS SIDES AND HIS HEAD DROOPED AS THOUGH HE WAS STUPEFIED,"I agree all his happiness, all his brilliancy, subsided in his regret and uneasiness, so that his limbs lost their power, his arms hung heavily by his sides, and his head grouped as though he was suitable.",1.0277777777777777,-0.3435501163288698,0.164536103606224,1.4963503649635037,Hallucination Error,hallucination,member_4,,adversarial_labels (2).csv,,,,,,1,4.4610772132873535,86.58072478789497,3.7708613872528076,0.0,0.75,48,1,0,0.365542689308081
adversarial,adv_260-123286-0023,THE RAFT WAS HEAVED UP ON A WATERY MOUNTAIN AND PITCHED DOWN AGAIN AT A DISTANCE OF TWENTY FATHOMS,The route will speed up our water mountain and it's challenging that this is a 20-ounce.,1.0,-0.9193466020667036,0.0507272966206073,1.0602409638554218,Hallucination Error,hallucination,member_4,,adversarial_labels (2).csv,,,,,,1,5.445417404174805,231.6939695615193,3.548927068710327,0.0,1.0,20,1,0,0.21243568268756763
commonvoice,ls_51,IROLG LOOKED AMAZED AT THE SUDDEN FURY OF THE ATTACK THEN SMILED,"I rolled, clicked the maze at the sudden fury of the attack, then smiled.",1.166666667,-0.315823269,0.015230123,1.028169014,Hallucination Error,hallucination,mishr,,commonvoice_annotation_completed .csv,,,,,,1,5.662527084350586,287.87520905770384,4.580839157104492,0.0,0.8235294117647058,17,1,0,0.31045425501824697
adversarial,adv_3729-6852-0032,SIMPLY BY STOPPING HER CARRIAGE TWO OR THREE TIMES BEFORE THE SHOP TO HAVE HER SNUFF BOX FILLED AND BY SAYING ALOUD TO THE YOUNG GIRL WHO HANDED BACK THE BOX THAT HER SNUFF WAS THE VERY BEST IN PARIS,"Since she was about to be her character two or three times before the shot, an adverb turned off still, and by saying aloud to the young girls who managed to act the most at first not, was a very apt encounter.",1.05,-0.759502615247454,0.334631472826004,1.4583333333333333,Hallucination Error,hallucination,member_4,,adversarial_labels (2).csv,,,,,,1,4.972865581512451,144.44020006444393,2.8924789428710938,0.0,0.851063829787234,47,1,0,0.2977436960841553
primock_medical_noisy,mednoisy_day4_consultation07_patient,"Ohh yes, I can. Can you hear me? Uh , my name's Vincent. Uh. Uh, ninth of May, two thousand and sixteen. Yeah. Yeah , I am. Yes, yes I am. Yeah, so, have a . I've been having a cough and a sore throat, for about a week, and, it's been causing me problems. I've had to stay away from work, for about three or four of those days, because of how bad is . Yes. Uh, the, sore throat came first, and then, after a day or two, the cough. No, it's very dry. OK . , well. I mean, you , you know how, we all are. Once this happens, you Google it and, there seems to be, all kinds of bad things it could be. It could be, could be a cold or, flu obviously, but it could also be tuberculosis. It could be, cancer always comes up so. It'll be good if, none of those. OK. Uh. Uh , well, uh yeah, so reassurance. So like, hopefully some sense that it's not anything too serious. But also, is there anything you can prescribe me to make it better? Or any advice? Or maybe even a sick note. So that, if I need to stay away from work for a bit longer, I can get one. OK . No . Yes, yes, I've been having shortness of, . Yeah, I've been having shortness of breath, yeah. Uh , yeah, a bit of both . Yes. . So, so the sore throat, so today's Friday , sore throat was about, last week, Friday or Thursday. Cough was Saturday or Sunday. So the, so the, shortness of breath was I think, shortly after the cough. So maybe a day or two later. So, three, four days ago. No, no, it's the same throughout the whole day. Ohh yeah, it's, it's like, so when I'm doing walking . Um, and I do exercises now and then . So it, it hasn't been . Superbad like, hasn't stopped me from doing any of those things, but it's been pretty unusual, and a little bit worrying. No, just, no, no , past medical history, no. No. Well, my mother had lung cancer. No. Don't know with asbestos. Ever smoked, . I mean, once or twice in Amsterdam, if that counts, but, not really. Uh. No, no. Not to any medication, but I'm allergic to peanuts. No, no, that's the only one. Just lung cancer, from my mother. No, it seems to be , entirely with just my throat. So like, my nose is like, . Uh, no, so I, I , I haven't always lived in the UK. Like, so I was born in the US, and moved over. Well, it was twelve years ago, but, in terms of recent travel. Just to Europe, nowhere too exotic. Yeah, so, a little bit feverish, uh, um, at first. So the first three or so days of this, but then it, the fever's gone away. Yeah, I was just gonna say, also had a bit of a headache. But like, headaches that come and go rather, but like, right now it's fine. , so it's like, it's up and down. So, so let's see, so I, , it started last week, and I stayed home from work two days this week. I think it was maybe, Tuesday and then Thursday. So like, I felt better and then worse again, and then better and then worse again. So it's been, yeah, a kind of constant, but constant and being, variable, if that makes . So no weight loss, but I have been, have been losing my appetite recently. And I mean, I usually eat a lot so, and I, and I enjoy eating as well, but like, so that's been a bit concerning. Yes. Yes. No. Not that . No. Not . Ohh, we can try . Uh. No. Mm-hmm . Ohh yeah, yeah. Yeah. All right . Have a good day. Bye.","Hey, yes, I can't hear me. Hey, my name's Vincent. 9th of May 2016. Sorry. Yeah, yeah, yeah. Yes, yes I am. Yeah, so I have a call that I've been having a cough and a sore throat for about a week and it's been causing me problems. I've had to stay away from work for about three or four of those days because of how bad it is. Yes. The sword throw it skin first and then after deal to the cock No, it's very dry Okay Well, I mean, you know how we all are. Once this happens, you Google it and it seems to be all kinds of fan things. It could be a cold or flu obviously because we tube the I'll say th",0.5201793721973094,-0.5403108942408205,0.2725371574641953,1.5815838283853856,Hallucination Error,hallucination,member_5,,primock_medical_noisy_labels.csv,,,,,/content/primock57/audio/day4_consultation07_patient.wav,1,3.793001413345337,44.3894315674676,3.073639154434204,0.0,0.6075949367088608,158,1,0,0.4687754117635853
primock_medical_noisy,mednoisy_day1_consultation07_patient,"Hello? Yes, yeah I can, I can, cheers. Uh, I am not feeling, very well. And I haven't been feeling well, for, a good few days, now, and, I'm really hoping you can do something about it, because it's been, bugging me, for a while now. Uh, I just feel a bit, run-down, you know I've got, a cough, a cold. You know, my wife's been nagging me. I just, it's just all, yeah, it's just, that, that, that's it, that's it. Uh, yeah, yeah, mean, mostly, dry it's a , you know it's a wee bit in the morning it's a bit worse uh, but , and you know it's, it's fairly, fairly dry, aye. Yeah, yeah, yeah, yeah, yeah, yeah. I don't like to admit that it's, you know it's talk about but, yeah it's , aye, aye. It's a wee bit, wee bit uh, yeah. Yeah, yeah, yeah, aye, aye you're right. Is that, is that coming through loud and clear on the phone yeah the, the sniffling, yeah, . Yeah , ugh, yeah, yeah. I've, I've had a bit of a sore throat. I mean, I, you know, , I'm doing a lot of uh, you know I'm, , watching the, watching the football as well. So I do a lot of shouting at that, but uh, uh, uh, I'm not sure if that's related or not. Uh, well it's a team, called, Partick Thistle. And they're in the, they're not even in the top division, uh, of the Scottish, league. They're actually in the, the, the championship, which is the league below that, and they're, bottom of the table. So I've been, shouting myself a wee bit hoarse, 'cause their performance has been, uh, pretty shite, if I'm being honest with you. . , yeah, yeah, yeah. , aye, I mean aye, I, I shave, every day so I'm, I'm looking at myself, it's not, not, not a pretty sight to be honest at the best of times but it's been a, wee bit, a wee bit rough, uh, the last few days for sure. Ohh right, right aye. , sorry you mean I'm looking ah right yeah uh. , no I , I don't, I don't really like to look, you know to look at it so I, I, I haven't, haven't tried to do any of that. Uh, yeah, , a, a wee bit I mean . You know, I'm fit, I'm , I'm fifty years old now and my, my hearing's, you know it's not as good as it used to be but, you know I , I, I think, I think it's all right, it's all right. Uh. Uh, no. No , no it's, it's not . No, no, no, . , sorry, what was that? No it's, it's, it's, it's not, it's not good. It's not good. No. No, no. Yeah, yeah. No, no it's, it's, it's weird, it's, it's just, you know it's just a wee bit, it's just a wee bit shortness of breath, but it's not, , it's, it's not, it's not pain, you know, as such. Yeah, yeah that's, that's, that's, that's definitely something I've noticed. Like, you know in, in bed with the wife and having to, you know get out and, get the blanket off, and put it back on again it's, it's not, it's not pleasant. I mean, I'm keeping her up at night as well, which is a, bloody nightmare but, I mean, you know how these things are. But uh, no I mean, no you know, you know, I can, I just feel it in my forehead but, I mean, I haven't, haven't, you know, used a thermometer or anything. Uh, the, the first, the first day I had, you know a wee bit, of uh, , you know uh, you know the rot like, a wee bit of diarrhoea. You know but, but that, that's, that's fine, now. Um, and, , yeah but, but apart from that, , no. Uh, yeah I mean I'm, I'm, I'm trying to and I think what, what is you , you starve, a cold and you, feed the. I, can't remember what it is, but I think I've, uh, my appetite's been, been all right yeah, yeah. I'm trying to, trying to keep, keep the fluids up as well you know, I hear that's what you should do. Yeah. Yeah it's, it's, it's just been a wee . I mean again, you know I'm , I'm getting a just a wee bit older now so it, it's, it's not something that I, I was thinking about but, I have, I have noticed like when I, you know, when I'm bending down and. Know moving about, it's just, a wee, a wee bit stiffer than, than normal. , you know and I'm, I think that might be to do with whatever this. Thing is, but, again it's, you know, I'm just getting on. It it's, just kinda, like you know when you're, when you're bending like, elbows and knees and just, just a wee bit, kinda stiff, you know? Yeah. Yeah I would say what day is it today? It's uh, , Wednesday, so it would have been, what is it Saturday, 'cause I was out. Yeah I was out having dinner, and then, yeah I, I came, yeah, yeah, yeah it would have been that. 'Cause I was out, for my wife's, uh she's, she was, doing this wee thing, we had a wee bit of a celebration, so we were out for that. And I remember saying to her, it was like you know what? I'm, I'm, I'm not feeling, great. You know I , I stuck it out with her but, aye, it would have been that, Saturday. So, what's that about five, five days ago? Yeah, yeah, yeah, yeah. No I haven't been, haven't been , I mean, as I said, I was out with my wife. I don't know whether it's like, you know, the restaurant we went to was like, it was like, pretty good, so I wouldn't have expected them to be serving me anything. Dodgy or anything like that but, I , I, I, I don't know, you know. So, , nothing that I can see. Well, my wife, has just been, uh, promoted. So, she's now going to be, uh, a head teacher, of, of primary school. So, just took her out. . Yeah, wee, a wee night on the tiles, for that, so uh, it was good, . Yeah, yeah. Uh, I mean , I'm a , I'm a wee bit, on the chunky side. You know, uh, you know I've, I've got a wee bit, a wee bit round the midriff, the spare tyre's, definitely there. Uh, and I've, I've got the uh, I've got the diabetes. Uh, it's, it's uh, type, two, two. Aye, type one, , aye, aye. 'Cause he said, the doctor I spoke to, he was sort of saying like, you know, as a bigger guy, it's, it's kinda, it's kinda like, yeah, and . And uh, aye, when I was speaking to uh, it was this, it was other, another doctor I spoke to a while ago but. Aye when he, took the, when he was telling me this as well he, took my blood pressure and that said that was, that was high, uh, high, higher than it should be. . Yeah, yeah. Uh, give me, I'm just gonna check. It's, it's, let me know if I'm pronouncing this correctly 'cause I haven't got, I haven't got my glasses with me. So, it's , Metformin? and, and there's another one, , Lisinopril? Is that? Yeah, . I mean that's those two, I had, I've got them written down a wee bit of paper so. Uh, no, no, just, just, just those two. Yeah, I mean a wee bit of like , a wee bit of Aspirin or whatever every now and again, but you know nothing long-term. Uh, not that I'm, not that I'm aware of. You know, I mean, what, what are the, what are the allergies you get? Just, you know, nah, not. Right ah, yeah. No, nothing, nothing that, nothing that I'm aware of, doctor's never said nothing to me, so. Uh, no, no, kids, the kids have uh, they've flown the nest. So uh, now it's just me and the missus, you know, good life. Uh, I am . Yep, yeah, yeah um, . Uh, well I'm, it's one of the, there's a wee factory, just uh, down the road, um, so we just you know, we just manufacture like uh. Uh, it's like, kind of steel, steel parts, uh, things like that. You know, so it's a, good wee job, you know, keeps us, a roof over the, over us. Yeah , yeah, aye, exact, exactly . Uh. I, I do, I do like a wee drink. Uh, aye the doc, the old, doctor I had, he, he, he did say I was drinking just a wee, a wee bit too much. I mean I'm not like, you know I'm not, not an alky or anything, but just, just uh, yeah, do like a few, a few pints every now and again. Uh, pints? . You know, maybe, maybe what like four, four pints on like Saturday and then, you know on, Sunday as well, , maybe like. Nine, nine pints in a week, I would say. Uh, ugh, , a wee, every now and again, but I'm, I, I am trying to cut that down. I've got a wee uh, what are those wee things called? The wee vaporisers. Yeah I've got, I got, I got myself one of those, so I've been, I've been cutting down on the cigarettes. Uh, and I just got this wee, this wee thing, it's great, it is, it's actually like amazing, by the way. Thank you. Mm-hmm. Right. Yes , aye. Aye. Right, so , so if, so if I'm, I just , just lie down and take it easy. If I'm still, feeling a bit rubbish then, I go in, I . All right, OK. OK, so I just, plenty of rest, lots of water, hopefully this thing pass. Right, that is, that's perfect, that's just what, , what I wanted to hear. Cheers. Aye, I hope so, I hope so. It's not, not looking too good, but uh, aye. Right, cheers, cheers, .","Hello? Yes, yeah, I can. I can choose. I am not feeling very well and I haven't been feeling well for a good few days now and I'm really hoping you can do something about it because it's been bugging me for a while now. I just feel a bit run down, you know, I've got a cough, a cold, you know, it's just been nagging me, it's just all, yeah, it's just, that's it, that's it. Yeah, yeah, I mean, mostly dry, you know, it's a wee bit. In the morning it's a bit worse, but you know, it's fairly dry. Yeah, yeah, yeah, yeah, yeah. I don't know if I've met that, it's, you know, not something I would talk",0.5325714285714286,-0.434454919741372,0.5355956902513739,1.6871449318230165,Non-Hallucination Error,no_hallucination,member_5,,primock_medical_noisy_labels.csv,,,,,/content/primock57/audio/day1_consultation07_patient.wav,0,2.481295108795166,11.95673967332874,2.113041877746582,0.0,0.3930635838150289,173,0,1,0.6254160805165077
adversarial,adv_8230-279154-0002,WHETHER OR NOT THIS PRINCIPLE IS LIABLE TO EXCEPTIONS EVERYONE WOULD AGREE THAT IS HAS A BROAD MEASURE OF TRUTH THOUGH THE WORD EXACTLY MIGHT SEEM AN OVERSTATEMENT AND IT MIGHT SEEM MORE CORRECT TO SAY THAT IDEAS APPROXIMATELY REPRESENT IMPRESSIONS,"When they're not dispensable and reliable to exceptions, everyone would agree that it has a broad measure of truth. The other word is exactly what might seem to overstate. And it might seem more correct to say that I did it across the country to represent the impressions.",1.170731707317073,-0.5106453062996031,0.1536045372486114,1.5027624309392265,Hallucination Error,hallucination,member_4,,adversarial_labels (2).csv,,,,,,1,4.675175189971924,107.25135480812435,3.1913914680480957,0.0,0.8,55,1,0,0.3313825454548723
commonvoice,ls_36,I HOPE HE DOESN'T WORK TOO HARD SAID SHAGGY,"I hope it doesn't work too hard, since shaggy.",0.888888889,-0.259238243,0.002833085,0.851851852,Hallucination Error,hallucination,mishr,,commonvoice_annotation_completed .csv,,,,,,1,4.4135942459106445,82.56569222750619,3.1059999465942383,0.0,1.0,14,1,0,0.21613951317218738
adversarial,adv_2961-960-0003,THEY WERE ABSORBED IN HIS THEOLOGY AND WERE UNDER THE DOMINION OF HIS NAME WHILE THAT WHICH WAS TRULY GREAT AND TRULY CHARACTERISTIC IN HIM HIS EFFORT TO REALIZE AND CONNECT ABSTRACTIONS WAS NOT UNDERSTOOD BY THEM AT ALL,"They were absorbed in theology and were under the command of the three. While that was truly great and truly direct to this element, this approach realized in the last instructions was not understood by them at all.",1.0,-0.4890616734822591,0.1993405371904373,1.5140845070422533,Hallucination Error,hallucination,member_4,,adversarial_labels (2).csv,,,,,,1,4.790421962738037,120.35214206961564,3.2585511207580566,0.0,0.7804878048780488,41,1,0,0.3438217128380083
primock_medical_noisy,mednoisy_day4_consultation04_doctor,"Hi. Hi. How are you? OK. My name is Doctor . I'm one of that work for Babylon . Can I confirm your name and date of birth, please? OK. And, are you in a space that's quiet and private? OK. And, you mentioned that you are wheezy. Can you tell me a little bit more about that? OK. So, you were cleaning the house two days ago. And, that's when it first started? Did the wheezing start suddenly, or was it gradual? And, has it got worse over the past two days? OK. And, have you taken anything for the wheeze? OK. And so, and the wheeze has been getting worse. And, today you're particularly worried. Is it because you're finding it hard to breathe or finding it hard to talk? OK. OK. And, when you can breathe, and you take a deep breath, do you notice any pain? OK. And, have you noticed yourself feeling dizzy or the rooms spinning more than normal? OK. And, have you been eating and drinking OK, particularly water? OK. And, are you normally fit and well ? Or do you have any other medical problems? And, when you get hay fever, do you take any medications for it? OK. And, your asthma, did it resolve when you were a child? OK. So, do you still have your inhalers? OK. But, you don't see your doctor regularly for asthma? OK. And, apart from this, do you know if you're allergic to anything? OK. And, how far are you away from a doctor's surgery at the moment? How far are you away from a doctor's surgery at the moment? OK, good. So, given that you've had a history of asthma when you were a child, And, you get hay fever sometimes in the summer. Your shortness of breath. Hi. I've lost, um, video signal. Can you still hear me? So, given you've got a history of asthma and hay fever. This could be one of two things. But, we want to rule out asthma or an allergy first. So, what you'll need is visit one of our clinics, so we can do some more tests. Such as check your . So, the first thing we would do, is use a small device on your finger, to check the amount of oxygen in your blood. And, from that we can tell if it's asthma or something else. Before this happens, if you've got something, like an antihistamine, which you normally take for hay fever at home, I would take one, just in case it is an allergy you've had from the dust. You might be able to get one on your way to the doctor's surgery. If not, they can prescribe you one. Yes. And it, they're normally about four to six pounds. Is there anything else that you're particularly worried about, you want to ask me? Yes, that is. And, you may need to take some steroids now. But, we cannot, we, we won't be able to know until we've done those tests first. Cool. So, I'm gonna write a letter for your GP, just to let him know what's happened. And, the consultation with the GP in person shouldn't take too long. Probably ten minutes. Cool. Um, you should get the letter over the app. And then, we can, you can take yourself to the GP. Cool. OK, bye.","Hi. Hi, honey. Okay, I am talking to you. I wonder if you can talk about the problem. Can I explain your name a little bit? And even the state that's higher and higher. And you mentioned that you're easy. You need to get this very low level. So you were cleaning the house two days ago and that's when it first started? Did the leasing start suddenly? Has it got worse over the last two days? Okay. And have you taken anything for release? Okay. So, and Louise has been getting back to us and today you're particularly worried, is it because you're finding out to release or finding out to stop? Okay",0.4734982332155477,-0.6092600058373701,0.4981963305637754,1.3794939182978028,Hallucination Error,hallucination,member_5,,primock_medical_noisy_labels.csv,,,,,/content/primock57/audio/day4_consultation04_doctor.wav,1,3.7899580001831055,44.254541554308624,2.7785909175872803,0.0,0.6014492753623188,138,1,0,0.47329763025467814
primock_medical_noisy,mednoisy_day1_consultation14_patient,"Hello? Uh, yeah. Uh my name is April, and I'm fifty. Well I've just been having this like, cough, for quite a few days. And my nose is running. Um and it's just been super annoying, and it's not going away. Uh I think it started like maybe, a bit less than a week ago. Like maybe, maybe five or six days ago. Uh, it's just so continuous. It's really, really frustrating. It's quite dry. And it's just all day, it like keeps me up at night as well, which is really annoying. I mean, apart from, I mean the coughing is giving me a sore throat. But it's not like, you know not more than, than that. You know just, just my throat is irritated from coughing. But it's not like, it's not that bad when I swallow or anything. No.They feel OK, actually. Yeah. . Nothing, nothing on the ears. Um, I don't think so. Like, I guess I get laboured when I'm coughing and I can't breathe. But I, not, yeah, not, I, I don't think so. Not really. I don't feel restless. No, I feel you know, generally tired. So like, yeah, but not, not anything special with my chest. No not, not that either. Um I've been having like, like shivers, even when I'm in, when I'm in bed. You know like, when you, when you go to sleep and, and you feel like I I should be warm. But I'm still, still you know, shivering a little bit. But I haven't taken my temperature, so I'm not a hundred percent sure if I had a fever. But it feels like I probably did. 'Cause I was just, I was next to my boyfriend. And he was completely warm and totally fine. And I just like couldn't stop shivering. And kept adding more sweaters on, and I was still cold. No. No, no nausea. No vomiting. Like, um yeah, nothing like that. Um, I mean it's OK. I, at the beginning, like when I was starting to have the , the , the coughing and stuff. Um, I had a little bit of diarrhea. Um but, but it didn't, it didn't cut my appetite or anything. I just like, my stomach wasn't feeling great. Yeah, yeah. It got better. It was only like the first, like it started at the same time as the cough started. And then it stopped. So I thought everything would be fine. But then the cough just kept going. With my what? Ohh. Uh, no. No no, it's fine. No. I, I drank loads of water, when I started having the diarrhea. Now that it stopped, I just went back to normal. Uh like my, you know when I had the, when I was telling you I had like the, I had chills, and I was really cold. My muscle was really hurting. Sometimes I do pilates. But like, it's hurting me so much at the moment. Um so, to be honest, all I feel like doing is just lying in bed. Yeah, right . Especially like in my arms, my legs, like just everywhere basically. Yeah, pretty much. Am I normally what? Uh, well I have type two diabetes. And I have quite high blood pressure. Um I take Metformin for the diabetes. And I take Lisinopril for the high blood pressure. No. No allergies. Uh my dad also has type two diabetes. But I think that's it. I just regularly go see a doctor. Um, that just checks up on it. Same with the high blood pressure. Like I, I have it under control. And since I've started taking this medication, I've just been like regularly checking that it, it's under control. Uh just, it's just me and my partner. Yeah he has none of this. Like he's just going ahead like, like nothing. Like I was a bit worried that I would pass it to him but, not uh, diarrhea, nothing, fine. Uh, yeah I am working. But the, the first day I skipped. because I was feeling just too shit. Um, but then, I just felt like had to go back, 'cause I had so much to do. So I've been going in. But it's not been fun. Uh, I am a developer. yeah. Work in IT. not too active a job. Uh, yeah. Not more than usual. I don't think it's related to stress. Like I, I don't feel like I've had a particularly hard time at work that way. Um I've been able to take a day off to try and recover. So yeah, I don't think it's related. I used to, but I've stopped for about six months now. I mean, yeah I, I don't think I drank that much. Like, I I don't really know how you count the units. So I guess like I don't drink more than like, like, let's say three evenings a week? And I rarely get like properly drunk, or anything. Wine, mostly. Uh, I'd say like maybe two or three glasses. Yeah? I should cut down on it. OK. Yeah. What, what should I do if it just keeps going on and on? Like if it's still going on in, in say four days? Do you think I should keep going to work? Or do you think I should just OK. OK. Thank you. OK. But otherwise, I don't need to worry. OK. Alright. Thank you very much. Thank you. Bye!","Hello? Uh, yeah. My name is April and I'm 50. Well, I've just been having this like cough for quite a few days and my nose is running. Um, I've just been super annoying and it's not going away. I think it started like maybe a bit less than a week ago, like maybe five or six days ago. Oh, yeah. It's just so continuous. It's really, really frustrating. It's quite dry and it's just all day, like keeps me up at night as well, which is really annoying. I don't know. I mean, apart from, I mean the coughing is giving me a sore throat, but it's not like, you know, not more than the, you know, just, ju",0.3617486338797814,-0.43333539509912,0.2380107764111853,1.38430157796132,No Error,no_hallucination,member_5,,primock_medical_noisy_labels.csv,,,,,/content/primock57/audio/day1_consultation14_patient.wav,0,3.1005375385284424,22.209886743105752,2.7569985389709473,0.0,0.5159235668789809,157,0,1,0.5370931740187007
commonvoice,ls_9,HE WAS IN REVERIE SLIDING ALONG THE BORDERS OF CONSCIOUSNESS,"He was in the river, sliding along the borders of consciousness.",1.1,-0.325996757,0.013356487,0.955223881,Hallucination Error,hallucination,mishr,,commonvoice_annotation_completed .csv,,,,,,1,5.110592365264893,165.7685213097022,3.9623992443084717,0.0,0.9230769230769231,13,1,0,0.2547088450511951
adversarial,adv_7127-75947-0003,YES THE CHARACTER WHICH YOUR ROYAL HIGHNESS ASSUMED IS IN PERFECT HARMONY WITH YOUR OWN,"Yes, the character, which you were while behind us assumed, is in perfect harmony with your own.",1.1333333333333333,-0.446178674697876,0.1158660128712654,1.1294117647058823,Hallucination Error,hallucination,member_4,,adversarial_labels (2).csv,,,,,,1,4.850845813751221,127.84848013002723,2.5950887203216553,0.0,0.9047619047619048,21,1,0,0.2661919480678489
adversarial,adv_672-122797-0059,ONLY THAT ONE ANSWERED THE TREE,Only Act 1. Answer the question.,1.0,-0.8693081048818735,0.1557465642690658,0.8,Hallucination Error,hallucination,member_4,,adversarial_labels (2).csv,,,,,,1,5.214737415313721,183.96350863668127,4.140139102935791,0.0,0.875,8,1,0,0.2820109117265173
librispeech_fallback,ls_0007__babble_10dB,HE THOUGHT IT WAS A LAST BURST OF ENERGY HE KNEW HOW CLOSE THEY BOTH WERE TO EXHAUSTION,He thought it was the last burst of energy. He knew how close they both were to exhaustion.,1.0,-0.194943790435791,0.0185582507401704,1.1097560975609757,Hallucination Error,hallucination,,,librispeech_annotation_noisy.csv,,unknown,babble,10.0,,1,4.004673004150391,54.853884473531544,3.1050426959991455,0.0,0.95,20,1,0,0.24292371370329655
librispeech_fallback,ls_0006__white_10dB,THE STRENGTH THAT ENABLES SOMEONE IN A TRANCE TO HOLD HIS BODY STIFF AND UNSUPPORTED EXCEPT AT TWO POINTS THE HEAD AND HEELS,"The strength that enables someone in a trance to hold his body stiff and unsupported except at two points, the head and heels.",1.0,-0.1689726945125695,0.0077662970870733,1.2352941176470589,Hallucination Error,hallucination,,,librispeech_annotation_noisy.csv,,unknown,white,10.0,,1,5.58462381362915,266.30008543152064,3.3372132778167725,0.0,0.96,25,1,0,0.23193650548066708
adversarial,adv_3570-5696-0003,A RECONCILIATION BETWEEN THE TWO CONFLICTING REQUIREMENTS IS EFFECTED BY A RESORT TO MAKE BELIEVE MANY AND INTRICATE POLITE OBSERVANCES AND SOCIAL DUTIES OF A CEREMONIAL NATURE ARE DEVELOPED MANY ORGANIZATIONS ARE FOUNDED WITH SOME SPECIOUS OBJECT OF AMELIORATION EMBODIED IN THEIR OFFICIAL STYLE AND TITLE THERE IS MUCH COMING AND GOING AND A DEAL OF TALK TO THE END THAT THE TALKERS MAY NOT HAVE OCCASION TO REFLECT ON WHAT IS THE EFFECTUAL ECONOMIC VALUE OF THEIR TRAFFIC,I reckon...,1.0,-0.8571110566457113,0.3795009553432464,0.5789473684210527,Hallucination Error,hallucination,member_4,,adversarial_labels (2).csv,,,,,,1,12.10574722290039,180908.60227395,5.56735372543335,0.0,1.0,3,1,0,7.174735391626288e-13
commonvoice,ls_46,HE HAS GRAVE DOUBTS WHETHER SIR FREDERICK LEIGHTON'S WORK IS REALLY GREEK AFTER ALL AND CAN DISCOVER IN IT BUT LITTLE OF ROCKY ITHACA,He has grave doubts whether Sir Frederick Layton's work is really Greek after all and can discover in it but little of rocky Ithaca.,1.0,-0.2061737,0.011381214,1.178571429,Hallucination Error,hallucination,mishr,,commonvoice_annotation_completed .csv,,,,,,1,6.067948341369629,431.7938785395477,3.8179516792297363,0.0,1.0,29,1,0,0.20753905167025022
adversarial,adv_7176-88083-0027,THEN THE LEADER PARTED FROM THE LINE,"In the near, part of the mind.",1.0,-0.621002197265625,0.296956330537796,0.8571428571428571,Hallucination Error,hallucination,member_4,,adversarial_labels (2).csv,,,,,,1,5.07819938659668,160.48482448374992,3.142113208770752,0.0,0.8888888888888888,9,1,0,0.2744784484790501
adversarial,adv_8455-210777-0044,I WAS TO BE TAKEN AWAY AND CARRIED TO ENGLAND OR ELSEWHERE OR DROWNED UPON THE VOYAGE IT MATTERED NOT WHICH,"I was in D.O.A. in Paris, England, in Hellsburg. It was your own home, of course, no matter how much.",0.9523809523809524,-0.6735918145430716,0.1902509480714798,1.074468085106383,Hallucination Error,hallucination,member_4,,adversarial_labels (2).csv,,,,,,1,4.000380039215088,54.618903414527686,2.91304349899292,0.0,0.6875,32,1,0,0.41040437206124863
librispeech_fallback,ls_0040__clean,HE LAMENTS MOST BITTERLY THE DIVORCE THAT HAS BEEN MADE BETWEEN DECORATIVE ART AND WHAT WE USUALLY CALL PICTURES MAKES THE CUSTOMARY APPEAL TO THE LAST JUDGMENT AND REMINDS US THAT IN THE GREAT DAYS OF ART MICHAEL ANGELO WAS THE FURNISHING UPHOLSTERER,He laments most bitterly the divorce that has been made between decorative art and what we usually call pictures. Makes a customary appeal to the last judgment and reminds us that in the great days of art Michelangelo was the furnishing upholsterer.,1.0,-0.1672117017930554,0.0029329333920031,1.4733727810650887,Hallucination Error,hallucination,,,librispeech_annotation_noisy.csv,,unknown,clean,,,1,5.126339435577393,168.39955100732615,4.196626663208008,0.0,0.86,50,1,0,0.29153059125961944
adversarial,adv_3570-5694-0018,THE WEARERS OF UNIFORMS AND LIVERIES MAY BE ROUGHLY DIVIDED INTO TWO CLASSES THE FREE AND THE SERVILE OR THE NOBLE AND THE IGNOBLE,"The wearers of uniform deliveries may be directly divided into two classes, the three and the so-called, for the noble and the evil.",1.0,-0.4531724154949188,0.1576166749000549,1.2815533980582523,Hallucination Error,hallucination,member_4,,adversarial_labels (2).csv,,,,,,1,4.43306303024292,84.1888955096559,3.422109603881836,0.0,0.8275862068965517,29,1,0,0.31433772475893323
librispeech_fallback,ls_0045__white_10dB,PARTICULARLY SO ON THIS LAST NIGHT WHEN ONLY TWO OF THE LITTLE CUBICLES WERE OCCUPIED THE THOUSANDS OF OTHERS STANDING WITH DARK EMPTY DOORS,"Particularly so, on this last night, when only two of the little cubicles were occupied, the thousands of others standing with dark, empty doors.",1.0,-0.1909711974007742,0.0269511342048645,1.2831858407079646,Hallucination Error,hallucination,,,librispeech_annotation_noisy.csv,,unknown,white,10.0,,1,4.613551616668701,100.84166532070216,3.263946771621704,0.0,0.8387096774193549,31,1,0,0.3067859468826789
adversarial,adv_3570-5696-0007,THE USE OF THE WORD WASTE AS A TECHNICAL TERM THEREFORE IMPLIES NO DEPRECATION OF THE MOTIVES OR OF THE ENDS SOUGHT BY THE CONSUMER UNDER THIS CANON OF CONSPICUOUS WASTE,"In use of the word race and training, we'll turn it down to find no verification of the logistics of the N-Sport that comes to the underage camera from the T-Sport.",1.0,-0.946597555409307,0.1339214593172073,1.3553719008264462,Hallucination Error,hallucination,member_4,,adversarial_labels (2).csv,,,,,,1,5.10610818862915,165.02685011460932,3.6243114471435547,0.0,0.7631578947368421,38,1,0,0.3539376082645324
primock_medical_noisy,mednoisy_day1_consultation10_doctor,"hello can you hear me ok? Right excellent, before I go any further, can I confirm your name and your age please? Nineteen years old OK Amanda, and how can I help you this afternoon? Right OK. I'm sorry to hear there's a lot going on there and I can, see why it's affecting you. Um, so you mentioned it's been going on for last three days, mainly the burning pain when you pass urine. Um, you said you're going to the toilet more often as well, that right? Ohh and a week, sorry my . OK, uh. Are you noticing any, anything in your urine, predominantly blood or um, discolouration of urine? OK, uh of any kind of frank blood? I mean red blood at all, in your urine? OK. Um, fine we'll we'll have to definitely explore that in a little bit or detail later on. Um, you also mentioned some tummy pain as well, can you tell me a bit more about that pain? OK. Um, can you describe it crampy pain? Is it more of a burning pain? OK. An aching pain, OK. And does the pain move anywhere else? Does it move towards your back? Towards your sides? OK, all right. Um, any other symptoms? Nausea? Vomiting? OK. Any temperatures or fevers? OK, all right. And how are your bowels at the moment? Are your bowels working OK? OK, and when, when when you say you have problems, what kind of problems do you normally have? Right. OK, all right but, and you've noticed no new symptoms? No, no, no new symptoms in your bowels? Uh. OK, all right. Um, and Amanda sometimes we have to ask quite sensitive questions as you can imagine. Um, uh, can I ask? Are you currently uh, are you currently sexually active? At the moment? OK, and um, have you noticed any other discharge from down below? So, from from the front passage? OK. Have you, do you use any form of contraception? The pill. What kind of pill is it? Is it combined pill or the mini-pill? OK, fine. Um, when was the last time you had um, unprotected sex? If you don't want me asking. Yeah, exactly. Yep, a week ago , OK all right. What I'm trying get at is whether um, uh there's any chance you could be pregnant at all. Uh, I know you're on the pill, but um we're we, nonetheless we do have to ask. Um when was your last , when was your last period? Two weeks ago OK, all right. Just something for us , to bear in mind, if your symptoms don't get any better OK, um. Fine, in terms of your general health otherwise at the moment are you, uh eating and drinking OK? Sure, well thanks for sharing with me. Um, so, I, I don't think it's is related to your symptoms, I think it probably just pure pure coincidence, um. But, uh, you know I do strongly advise you to you know, um, make it a regular habit if you can. Um, just for your, just for your general health moving forwards, OK? Um, fine. Moving on, in terms of your health otherwise, do you have any other medical conditions , apart from the IBS, is there anything else I should be aware of? No, OK great. And what about any medications that you take on a regular basis, apart from the, um, combined pill? was it , yeah OK. OK, and is that for the cramps, the crampy pain? Yeah OK, and do you have any allergy to any medications? OK, OK, OK. Ritib , OK sure, I'll make a note of that. Um, in terms of family history, any history of problems with the bladder or the kidneys? No, or generally anything else, good. And socially, tell me a bit more about your home situation, who's at home with you? Very good. Great, and what are you studying at university? English, OK good, and how are you enjoying your course? Good . Very good , very good , good. Um, in terms of smoking and alcohol, do you, do you participate in either? O K OK, what, what's made you have your first joint last week? Was OK. Sure, uh, and obviously as your doctor I'm here to look after you so yeah I I would strongly recommend you, you know, to avoid if you can. Great, um, fine so, at this stage I wouldn't normally examine you, but I think based on your story I think, um, you know, uh, I'm reassured. But the fact that I, I I think it's, um, probably just a simple what we'd say a UTI or a cystitis, bladder infection. Uh, you know you haven't got any other symptoms that, suggest to me that there's anything to worry about, so things like fevers and back pain. Um, would be more worrying for me to hear. Um, so it's something we can treat quite readily with antibiotics. Um, so we've got a choice of two antibiotics something called Trimethoprim or, Nitrofurantoin which is a three day course. And normally they're usually quite effective, um, for your symptoms. It's probably worth giving us a urine sample today as well if you can, so we can send it off to the lab. And see exactly what's going on there. Um, start the antibiotics, make sure you're well hydrated, drink plenty of fluids. Um, if you are having some pain, simple Paracetamol, um, would probably be advisable. Um, we'll see what the urine sample shows. Um, and if it is indeed positive, we'll know which antibiotics are the right ones. Um, but if things still are still not getting any better next week come back and see me, and we can have another look again. So if I'll give yeah no it's a well uh so yeah good question, so I will give you I will organise uh for you to come in, and drop off a sample at one of our practices, um which we can test there and then, at the urine and send it off to the lab uh we can back in touch with you with the results. OK, do bear in mind those symptoms I mentioned about the fever and the back pain and vomiting. If you have any of those give me a call, OK? All right , OK. Have a good day. Thank you, bye bye .","Hello? Can you hear me okay? Hi. Right, excellent. Before I go any further, can I confirm your name and your age please? 19 years old. Okay, Amanda, how can I help you just be part of the moon? I'm sure there's a lot going on there and I think CY is affecting you. So you mentioned you've been getting in for the last three days mainly the burning pen when you're in. and just again to turn it more often as well. That's right. I wonder where, sorry, my... Okay. Right there, right. Have you seen any... anything in your urine, whether it's on any blood or with a coloration of urine? I've been using",0.4746075715604801,-0.49075428763999,0.3982852046737576,1.3881233433716929,Hallucination Error,hallucination,member_5,,primock_medical_noisy_labels.csv,,,,,/content/primock57/audio/day1_consultation10_doctor.wav,1,4.004881858825684,54.86534216021589,3.022810459136963,0.0,0.6081081081081081,148,1,0,0.4680136564851337
primock_medical_noisy,mednoisy_day5_consultation04_doctor,"Hello. Hello, I'm Doctor Smith from Babylon. Hi there. Can you confirm your full name, date of birth, and the first line of your address please? Can you confirm your date of birth, and first line OK. And your address? Yep. OK. And are you in a , are you in a private place where you can have a consultation? OK. What can I do for you today? What can I do for you today? Right, OK. And when did it start? OK. And whereabouts in your, in your abdomen do you think it is? Can you just explain to me whereabouts it is? OK. And is it in the middle, or to one side? And, is it around your belly button, or above or below that? And is it there all the time, or does it come and go? OK. And what would you say it is on a scale of one to ten, with ten being the worst pain you've ever had? OK. Um, and have you, are you having any other symptoms with it? K. So when, when was your last period? OK. And are you having sexual intercourse regularly? OK. Are you using any contraception? OK. And, do you have your , do you have your periods when you, since you've been using the , Implanon? Do you have periods? regularly, or are they sporadic? Right. OK. And was your last period normal? And, any problems with nausea or vomiting? Right. And have you been eating and drinking OK? OK. And, have you opened your bowels normally? Have you opened your bowels normally? You've been to the toilet? What problems did you have last week? OK. And what about this week? Are you going to the toilet every day? Um, is the stool normal, or diarrhea, or hard stool? Um, and you said you'd had some vaginal bleeding? Is that, is your period stopped? OK. Any abnormal discharge, other discharge, or just the slight bleeding? OK. Any difficulty breathing, or pain in your shoulders, or anything like that? No. And have you had a high temperature? Have you got a thermometer? Do you feel feverish? And do you feel faint when you stand up? What have you been doing for the last few days? Have you been at work as normal, or, have to stay at home? OK. But you said the pain's constant, there all the time? Or is it getting worse from time to time? OK. Um, have you had any other um, medical problems in the past? Pardon? OK. Anything else? Have you had any operations? Have you had any pregnancies? Have you taken a pregnancy test this time? when was that? OK. But not since you've had the abdominal pain? OK. And, any surgery in the past? Um, and what's your job day to day? OK. And who do you live with at home? OK. And do you smoke or drink alcohol? You take any other drugs? Have you been abroad recently? Whereabouts to? Pardon? A year ago, not recently. No. Um, and any problems passing water? Any pain, or strong smell, or having to go more often than normal? Right, OK. And any , any weight loss or blood in the stool, or urine? . OK. Fine. Um, I think with the abdominal pain, as it's getting worse, and it's been going on for the last few days, um, it would be very helpful to be able to examine you properly. Would you be happy to have an examination with a doctor? OK. Um, so what we can do, is we can arrange a face to face examination where they can um, see you in a clinic and do a abdominal examination, and advise further from there when we got more of an idea what's causing the problem. Um, would you be happy to call the support line and arrange that appointment? OK. That's fine. So we'll, we'll do that. In the meantime, if it gets a lot worse, um, or you, you're not holding any fluids down, um, then we should see you before then. Um, did you say your pregnancy test was a month ago? OK. Um, um, your Implanon was just put in a year ago? The other thing we would need to do is to, to do a pregnancy test today, if possible. So if you can do that today, and if it's positive we need to see you straight away, so give us a call back. OK? Have you got any other questions? Right, OK. So, if you call the support line and make an appointment, we'll go from there. Thanks. Bye.","Hello, I'm Dr Smith from Babylon. Hi there, can you confirm your full name, date of birth and the first line of your address please? Can you confirm your date of birth and the first line of birth? Okay, any address? Yep. Okay, and are you in a private place? You can have a consultation. Okay, what can I do for you today? What can I do for you today? Right, okay, when did it start? Okay, and whereabouts in your activity pick it is? Can you just explain to me where about this? Okay and it's in the middle, all to one side. And is it around your belly button or above or below that? And is it there",0.4110824742268041,-0.4894717760143869,0.2185507149575916,1.3384394562743462,No Error,no_hallucination,member_5,,primock_medical_noisy_labels.csv,,,,,/content/primock57/audio/day5_consultation04_doctor.wav,0,3.5734829902648926,35.640512779972646,2.936911106109619,0.0,0.5068493150684932,146,0,1,0.5432501556440443
primock_medical_noisy,mednoisy_day1_consultation07_doctor,"Hello? Hello? Uh, can you hear me OK? . Great. Right, how can I help you this afternoon sir? I'm sorry to . Well I will certainly try my best, for you. Um, can you tell me a bit more about what's been going on? . Mm-hmm. Mmm. OK , well let's start with your cough first. Tell me a bit more about your cough. Is it, for example are you, coughing up anything at all, or is it mainly dry? So you're not bringing up any mucky, flem? O K , all right . Yeah, I can certainly hear you've got the sniffles. So, bit of a runny , bit of a runny nose, you mentioned. . Yeah, sorry to hear that, yeah no . Um, and uh, any other symptoms, so for example have you any, uh, any sore throats, any ear pain? Ah OK. Who do you support? Right. Well, all sounds fascinating, well I wish them all the best. nothing table. Um, so, so you mentioned sore throat. Um, and have you had a chance to look in the, in the mirror? Have you had a look at the back of your throat? Yeah, now , I mean have you any, have you noticed any kind of, white spots on the back of your, back of your throat, or redness? . . . I understand it's not pretty but as I say it's not, it's not something we, we always um, uh, recommend but um, moving on. In terms of your ears , any dullness or blocked ears, pain in your ears. OK, OK. Fine. Um, moving down to your chest. Um, how's your breathing been? So do, you feel more breathless or tight in your chest? . So your breathing is ? Uh, your, your breathing is fine is it? your, it's not laboured, or? OK. It's not good? No, OK, OK. So you're , you're, you're feeling more short of breath? OK, OK, , OK. Um, any pain in your chest at all? No pain, OK, OK. Have you noticed yourself, any, any, any temperatures or fevers? Um, feeling hot and cold? Sweaty? . . Yeah, . Seems, seems very difficult at the moment. Um, , have you measured your temperature at all? Have you, got a ? Mmm, OK. Sure, OK. Um, and just moving on, just very quickly. Um, any other symptoms? Any nausea? Any vomiting? Any tummy pain? . . OK. And how's your appetite? Are you eating and drinking OK? . Yeah, absolutely, , completely uh, recommend that, so keep, keep doing what you're doing. Um, and just lastly, you know any, any, any kind of muscle pain, joint pains? Mmm. And where do you , where do you feel the stiffness? , all over, OK. And just remind me sir , when did your symptoms all start? , you say a few days ago? It's Wednesday. OK. . Four, five days ago, yeah. OK. Are you aware of anything that might have set your symptoms off/ , OK. And , without prying too much, what were you celebrating? . . , very nice . , good, excellent. So just moving on sir . Uh, regarding your, um, what we say, past medical history. Are you, do you have any other medical problems I should be aware of? So anything to do with your heart, lungs? Diabetes, right. What type of , is it type one or type two? OK, OK . And what . . Yeah, OK. . . . You've been diagnosed with high blood pressure, uh, or . OK, all right. So um, moving on. Come to your medications, , which medications do you take on a regular basis? , that's correct , OK. OK. Lisinopril , yeah. That sounds like. No problems, no problem, that's fine . Anything else sir? Right . OK, all right. And just moving on swiftly sir. Do you have any allergies at all? Just allergies to , medications really, I'm, I'm asking not, as opposed to um, other things. . OK. And just very briefly, socially sir, just it's very important to ask. Uh, you said you live, with your wife. Anyone else at home with you? OK. OK, OK. And are you , yep, and are you working at the moment? Uh, yourself? What , what do you do at work ? . Pays the bills, really. Um. What , what about smoking and alcohol, sir? Do you, you do either? roughly on average, how many you would drink a week? Well, whatever you drink. Is it , beer, lager, wine, spirits? OK, OK. And what about smoking, sir? Ohh OK, OK. Well , I wish you , all the best on your journey to quit, I , I highly recommend it. Um, if you can, it'll certainly help your health as well. Um, so just to , just to summarise, I think you know, uh, based on your story. Um, yeah I'm not, worry. I think you know what you essentially have is a bit of a, a bit of a viral illness perhaps, a bit of a, maybe early signs of a flu, um. Which I think should, settle down, um, really on it's own, uh, over time. Um, things to you know, you, you can do, help yourself you know, , stay rested, drink plenty of fluids. Um, if you are, if you are feeling hot and cold and sweaty, taking regular Paracetamol would be beneficial. Um, you mentioned feeling a bit short of breath. Um, I'm a little bit on the edge about giving you antibiotics. I don't think you've got a chest infection, but what we could think about is giving you a. A script for antibiotics, which maybe use in next, twenty four to forty eight hours, if your symptoms don't get better. Yeah. Yeah, , I will, yeah, I'll, I'll give you a script today, give it about twenty four to forty eight hours. If you feel like you're still feeling breathless and, run-down, I think there's no harm in starting a course of antibiotics, something like Amoxicillin. One tablet, three times a day. Um, uh, and , if you're still not better by next week, come back and see me, we can have another look. Exactly. Yes, absolutely. Great, well, I'm, glad I could help. And um, I wish you and your football team all the best. OK . , all the best. Bye bye.","Hello? Hello? Can you hear me again? Oh, right. But how can I help you this afternoon, sir? In through it. Well, standing from a test, we have a tensioned view that was enabled. This might be your cough first. Just tell me what your cough is, does it smell like you coughed up anything at all? Or does it make you dry? Still really lucky, lamb. Okay, alright. Yeah, I was just going to say here you've got the snipples, you've got the brain nodes you've mentioned. Yeah, so it's here, there it is, so it's definitely probably. And under the symptoms of getting any sore throat, any ear pain. We'll us",0.7349953831948292,-0.6391051728965608,0.5233858987579451,3.142765831789818,Hallucination Error,hallucination,member_5,,primock_medical_noisy_labels.csv,,,,,/content/primock57/audio/day1_consultation07_doctor.wav,1,4.181363105773926,65.45501454029728,3.2201879024505615,0.0,0.6423841059602649,151,1,0,0.4425551784297498
adversarial,adv_4446-2271-0008,IRENE BURGOYNE ONE OF HER FAMILY TOLD ME IN CONFIDENCE THAT THERE WAS A ROMANCE SOMEWHERE BACK IN THE BEGINNING,"I need her going, one of her family told me in Congress that there was a woman at some of her dad's in the beginning.",1.25,-0.6005521589709867,0.0930797383189201,1.2061855670103092,Hallucination Error,hallucination,member_4,,adversarial_labels (2).csv,,,,,,1,4.599878787994385,99.47225767930728,2.982414960861206,0.0,0.8571428571428571,28,1,0,0.2953863775516073
adversarial,adv_1089-134686-0007,A COLD LUCID INDIFFERENCE REIGNED IN HIS SOUL,"a hole to lose it in difference, the rain in the soul.",1.5,-0.6550403482773725,0.1150744035840034,0.9473684210526316,Hallucination Error,hallucination,member_4,,adversarial_labels (2).csv,,,,,,1,6.0936384201049805,443.03041302042715,4.269688606262207,0.0,0.8571428571428571,14,1,0,0.2849485888302386
primock_medical_noisy,mednoisy_day3_consultation08_patient,"Hi there! I, uh Uh, , that's, uh, John Jones. Uh, that's, uh, the, twenty ninth of September, nineteen eighty. Uh, that's, uh, John Jones, at, John Jones dot net. Yep. That's absolutely fine. Yeah, yeah, it's just it's been going on for, like a few days now. Um, sort of like, coughing, and like, general runny nose, and stuff, and, like Little bit, uh about like five days around that, uh, yeah it started like, what day is it today? Uh, yeah the week, it started with the start of the weekend, so. Yeah just like coughing, and like running nose, and like kind of muscles aching and stuff, like occasional feeling like headache, cold, chills, and things like that. Yeah. No, no, it's like a, it's like a dry cough Sort of like like, almost hacking, hacking kind of like . No, no, no shortness , like yeah, I'm breathing fine. No. Uh, so, uh, just like pain killers and such. I mean that I, I, um, in addition to like my normal medication and such. Um, but like I'll just like pass it along. No Yeah, so I take, um, uh, what's it called, it's like metformin . I'm a diabetic, so. And, um, I also, like have, uh, lisinopril . Yeah, but the like slight blood pressure. Um, like a, a few years, maybe five or six years. Yes. Uh, no issues nothing like out of the ordinary there. Uh, I've been this morning. I can't remember off the top of my head, but it was within the normal range. Sure . No, I haven't had anything like that. OK. OK, that sounds good. Uh, no, I I think that's been very helpful thank you. OK, so I don't need any prescription, or anything like that. OK. Thank you very much, bye!","Hi there. Hi. That's John Jones. That's the 29th of September, 1980. That's John Jones at John Jones dot net. Yep, that's absolutely fine. Yeah, yeah, it's just been going on for like a few days now. Sort of like coughing and general runny nose and stuff. Like occasionally just... About like five days around that. Yeah, started like four days today. Yeah, at the weekend, started at the start of the weekend. Yeah, it's just like coughing and like running nose and like kind of muscles aching and stuff, like occasionally feeling like cold chills and things like that. Yeah. No, no, it's like a dry",0.5032679738562091,-0.5411444489179745,0.3451696259505821,1.1983045606893643,Non-Hallucination Error,no_hallucination,member_5,,primock_medical_noisy_labels.csv,,,,,/content/primock57/audio/day3_consultation08_patient.wav,0,3.666086435317993,39.09859118695402,3.039116144180298,0.0,0.46153846153846156,143,0,1,0.5760534773849569
primock_medical_noisy,mednoisy_day2_consultation07_doctor,"Hi, Hi there, good morning. Um, I'm Doctor Dean Resor from . Nice to see you. OK great! So before we start your appointment, could you please confirm your full name and date of birth? That's great. Thank you so much for that. Um, you look a lot younger, so, um Does that, that would make you roughly about fifty years old, fifty one, fifty one years old. Is that is that correct or? Six, OK, perfect. All right. So, um, nice to see see you this morning. Are you in a private place where you are OK to speak freely? OK fantastic! So um, how can I help you today? Right, OK. Now, do you have those these symptoms right now or have they gone off now? OK. So, you've still got the chest discomfort right now? OK, um. We're probably gonna have to call an ambulance for you. OK. So what I'm gonna do, is I'm gonna task my colleague next to me to sort that out. While we do that I'm gonna ask you a few more questions, OK? We're gonna a bit more information to the, to help the ambulance team when they, when they arrive, OK. So just to, just to double check, um, where exactly in the chest is the pain? Is, is it spreading anywhere else, like down into your arm, up to the jaw, in your neck, anything like that? Right, OK. Do you remember what you were doing at the time? Sure, OK. And, and how much activity do you do normally? Do you walk a lot or do you run or do you do anything? Have you had this before? Right, OK. Can are you aware of any palpitations, like your heart beating faster or more prominently than normal? So, I know you're stressed but, but we've got an ambulance coming on the way, OK? So um, we'll take care of everything, so don't, don't worry . Who's in the house with you at the moment? OK. Um, and is your front door open? OK so maybe we'll, we'll speak maybe in the hallway to the front door. Have the front door open so that, in case people need access, they could access you. Alright. Um, so, um, uh, are you a smoker at all? How long have you been smoking for? Fifteen years, OK. Um, do you have, um, high blood pressure or high cholesterol or diabetes or anything ? OK. Have you ever had your cholesterol checked? OK, all right. Um, now anyone in your wider in, in your family, sorry, in your parents, did either of them have any heart problems, or heart attacks, or anything like that? OK. Uh, I'm sorry to hear about your father. Can you remember what age roughly he was when he had, he had the heart attack? Right so just under sixty, around sixty. Yeah, OK, alright. Um, do you drink much alcohol? OK, is that a, a beer you're talking about, yeah? Uh, I, I can't tell from the video, are you overweight? Right, OK. Alright. Um, uh now um, you, do you normally live alone? Sure, OK, and, and, uh, are you working at the moment? Right, what do you work as? Right, OK. Alright. Um, so, um, the, the symptoms that you've described to me Um, they indicate the possibility of, um, a heart attack. OK? So, I'm not saying you definitely have a heart attack, but we, that, it's our number one priority to exclude that. OK, so ambulance team will be with you very shortly. I'm gonna stay on the line with you until they come. OK. when they come, what they'll do is, they're gonna put some stickers on your chest and do an ECG. And then decide where to take you after that, OK? And um, what, what, uh, can I just double check? Do you have, um, any allergies to any medication? Right, OK. Sure. Uh, what's the nature of that allergy to aspirin? Do you, does it, does it cause you heartburn? Or is it like an allergic reaction? OK, all right. It's very important that you communicate that to the hospital. Um, the detail you just told me, because, um, we, we may need to consider aspirin despite allergy , OK? Um, alright, um, now in terms of, um, what happens from here That team will assess you and then they may take you into one hospital or another based on how bad , what the ECG looks like and what kind of treatment you might need, OK? Um, what I'm going to do is, we'll stay on the line for the time being, OK, until they come, and then, um, once they come, then I'll hand over to them and I'll explain what's going on, alright? OK. we'll end the conversation after the purposes . Is that OK? thanks! Bye!","Hi there, good morning. I'm Dr D-Mazer from GPT, nice to see you. So before we start we have a phone, could you please confirm your full name and date That's great, thank you so much for that. You look a lot younger, so that would make you roughly about 50 years old, 51, 21 years old. Is that correct? So, nice to see you this morning. Are you in a private place where you are only three? So, how can I help you today? Do you see what the chest is coming from right now? We'll probably even have to call an ambulance for you. So what I'm going to do is I'm going to pass my colleague next to me to s",0.4878048780487805,-0.5080691417517732,0.612352270971645,1.3672461977191936,Hallucination Error,hallucination,member_5,,primock_medical_noisy_labels.csv,,,,,/content/primock57/audio/day2_consultation07_doctor.wav,1,3.647141218185425,38.36483244336902,2.883361577987671,0.0,0.625,152,1,0,0.4562327608438609
adversarial,adv_8555-284447-0017,WHEN THIS HAD BEEN ACCOMPLISHED THE BOOLOOROO LEANED OVER TO TRY TO DISCOVER WHY THE FRAME ROLLED AWAY SEEMINGLY OF ITS OWN ACCORD AND HE WAS THE MORE PUZZLED BECAUSE IT HAD NEVER DONE SUCH A THING BEFORE,And he was one of the most popular victims in the other gun sessions.,1.0,-1.3021903567843969,0.1825880110263824,1.0,Hallucination Error,hallucination,member_4,,adversarial_labels (2).csv,,,,,,1,4.431952953338623,84.09549121371981,3.2892050743103027,0.0,0.9333333333333333,15,1,0,0.25126768555388546
primock_medical_noisy,mednoisy_day1_consultation06_doctor,"Hello? Uh, hello. Can you hear me OK? OK, great. . I am, yes. Nice to see you here, Oscar. Um, how can I help you this afternoon? OK. Do you want to tell me a bit more about it? When did it all start? OK. OK. OK. Is there anything you're particularly worried about? OK. OK. Right. Right, OK. So you mentioned you're feeling, uh, short of breath for the last couple of weeks, but mainly the last couple of days it's got a bit worse. Um, uh, and you're now feeling more breathless on kind of minimal, minimal exertion you mentioned. Um, have you noticed any other symptoms at all, uh, uh, with your breath? So, for example, any pain in your chest? OK. And have you found yourself coughing, coughing at all? OK. OK. And how's your general health otherwise? Are you feeling uh, weak, lethargic? OK. OK. And what do you mean by that? OK. Um, is that, is that both ? Both ankles? OK. Uh, I can imagine, yeah. Um, and again, over how long has this, have you noticed this for? Past few days, OK. And is this something that you've had before, in the past? OK. OK. Um, fine. OK. So, um, just to really recap, uh, so you're really, in the last couple of weeks, uh, you've been feeling breathless, uh, but worse in the last couple of days. You mentioned you had a bit of a dry cough. Um, and some swelling in your ankles. Um, reporting no chest pain. Um, and, and have you had any, have you any, have you noticed your heartbeat racing at all? So, palpitations or skipped heartbeat? OK. And any temperatures or fevers? OK. And how about your appetite? Are you eating and drinking OK? OK. And your waterworks? Are you passing urine OK? Yeah. Sure, OK. Alright. Um, fine. So, your uh, your past medical history. You mentioned heart failure. Any, any other medical history I should be aware of? OK. OK. And when, when you say a small heart attack, did they give you a name, for what happened, a, a name of a diagnosis? It's more hard to say. OK. Was it like angina or, um, OK. OK. OK. You've been OK since then. OK, alright. So, apart from the uh, the heart, the heart problems, the heart failure, any other problems I should be aware of? OK. Um, do you take any regular medications, apart from your diuretics that you're taking? And do you know which ones? . Do you know which dose you're taking? That's OK. No problems. Um, Any other medications? OK. The Metoprolol, was it? Or? Sorry, the connection's not very good. OK. Thank you, yeah. And a thousand , OK. Alright. Any allergies at all? Any medications? No. OK. And is there anything in the family that's, uh, that, that's uh, that's important for me to know? Any family history of medical problems, heart problems, lung problems? I'm sorry to hear that. And, um, how old was your father when he passed away? Early sixties, OK. Alright. Anything else I should be aware of? OK. Is your mother still with us? OK, alright. Um, and socially, sir, just tell me a bit more about your situation at home. Who lives at home with you? You've got two cats. OK, great. Do they have names? OK. Um, so it's just you and your cats. And um, in terms of day to day, are you working at the moment? OK. And how is that? Is that quite stressful, long hours? Mm. Yeah, that's certainly a consideration, isn't it? So let's, let's try and get you better soon, so it doesn't have any um, impact on your, on your job. Uh, and do you find yourself doing a lot of anti-social hours? Do you , do you do a lot of night driving, weekend driving? OK. OK, alright. And what about smoking and alcohol? So, 'cause that can sometimes be very important when it comes to heart problems. Do you, do you smoke at all? So, you used to smoke? And how many did you smoke a day, on average? Um, and how many, how many years was that for? OK. And what about the stopping? That must have been difficult for you. stopping. Um, and what, what about alcohol? OK. Do you do much in the way of exercise, sir? OK. OK. Right, OK. And certainly now your symptoms, you, you're, you said you're feeling more breathless even walking to the uh, to the shop, she said. Um, right. Ohh um, based on your, based on you history, and having listened to your story, I, I wonder whether you've had a flare-up of your heart failure, sir. Um, Which can sometimes happen. Um, um, and uh, It's . So, it seems like your heart's not pumping as well as it should be. Um, and obviously having diagnosed with heart failure, there's obviously Um, that's the first thing that comes to my mind. Um, now there's a couple of options move forward. Um, Given that you're otherwise well at the moment, and having examined you, your chest, and your saturations and blood pressure are all OK, I'm quite happy to increase your dose of Furosemide. Maybe, rather than one tablet a day, we can do two tablets a day, for the first few days. Um, and see, and see how you're getting on. Uh , I think, I think, it's, it's, it's definitely worth treating your symptoms. But what we should also think about is maybe doing a couple of other tests, like a blood test, and maybe an echocardiogram of your heart, to see how well your heart's pumping. Is that something you've had before ? Yeah, so um, an , it's a, it's a general scan of your heart. You might have had this done before, when you were diagnosed. And it's just to get a good Sorry? You remember that. OK, fine. That's something I can organize for you today. And, and that might take a week or two weeks for that to be organized. But, I think certainly in the meantime, let's, um, Let's, let's get a blood test done. We can check your um, you know your full blood count, look for signs of anemia. We can have a check of your kidney function. Um, and we can definitely increase your um, your Furosemide, uh, to you know, one tablet twice a day. But I really like, would like you to come back and see me in about a week's time, see how you're getting on. That sound reasonable? And of course, in the meantime if you are getting more unwell, feel like you're getting more breathless, or you're having any other symptoms like chest pain, or palpitations or dizziness, then, uh, you know I want you to give me a call sooner than that, and we can have a chat on the phone as well. OK? Do you have any questions for me? Great, and then well I wish you all the best! Have a good day. OK. Thank you.","Hello. Hello, can you hear me okay? Okay, great. I am, yes. Have a good evening. Okay. Okay. Thank you for listening to us. Okay. Is anything particularly worried about us? Is anything okay? No worries. Do you want to take a short breath for the last couple of weeks or maybe the last couple of days is a little bit worse and you'll have to be more preface of the minimal exertion you mentioned. And maybe there's any instances with your grafts, or if there aren't any pain in your chest. Do you have yourself a cop? Okay, so how's your general health, otherwise, are you feeling weak and phlegic? Ok",0.6245819397993311,-0.7042007705552927,0.4388671174895863,1.4265502692688117,Hallucination Error,hallucination,member_5,,primock_medical_noisy_labels.csv,,,,,/content/primock57/audio/day1_consultation06_doctor.wav,1,3.8405001163482666,46.548748409528685,3.1332521438598633,0.0,0.6111111111111112,144,1,0,0.46611389415224724
commonvoice,ls_49,NEAR THE FIRE AND THE ORNAMENTS FRED BROUGHT HOME FROM INDIA ON THE MANTEL BOARD,"near the fire, and the ornaments Fred brought home from India on the mental board.",1.0,-0.235634327,0.001576194,1.108108108,Hallucination Error,hallucination,mishr,,commonvoice_annotation_completed .csv,,,,,,1,5.265550136566162,193.55275995412964,3.794004201889038,0.0,0.8947368421052632,19,1,0,0.2700935822733165
commonvoice,ls_7,HE THOUGHT IT WAS A LAST BURST OF ENERGY HE KNEW HOW CLOSE THEY BOTH WERE TO EXHAUSTION,He thought it was the last burst of energy. He knew how close they both were to exhaustion.,1.0,-0.164912682,0.010001875,1.109756098,Hallucination Error,hallucination,mishr,,commonvoice_annotation_completed .csv,,,,,,1,4.004673004150391,54.853884473531544,3.1050426959991455,0.0,0.95,20,1,0,0.24292371370329655
adversarial,adv_5683-32866-0022,ITS CURTAINS WERE OF THICK AND FADED TAPESTRY,Its curtains were thick and faded top street.,1.0,-0.4117099046707153,0.0538876540958881,0.8490566037735849,Hallucination Error,hallucination,member_4,,adversarial_labels (2).csv,,,,,,1,7.531386375427246,1865.6902585514174,4.965072154998779,0.0,1.0,9,1,0,0.17489189677293057
librispeech_fallback,ls_0057__clean,A RED HAIRED MOUNTAIN OF A MAN WITH AN APPARENTLY INEXHAUSTIBLE STORE OF ENERGY,A red-haired mountain of a man with an apparently inexhaustible store of energy.,0.9285714285714286,-0.1664511639138926,0.00482332194224,1.0526315789473684,Hallucination Error,hallucination,,,librispeech_annotation_noisy.csv,,unknown,clean,,,1,4.714136123657227,111.51243659594245,3.404353380203247,0.0,0.9444444444444444,18,1,0,0.24440377900868882
primock_medical_noisy,mednoisy_day2_consultation06_patient,"Hello. Good morning. Hi, . Yeah, sure. Um, my name is John Doe. Um, and I am twenty seven years old. Um, so, I was born in nineteen ninety one, um, seventeenth of November. Yeah, yeah. , yeah, exactly. I've, I'm , kind of struggling to breathe at the moment. I, I got stung by a wasp, um, recently. Well, I'm not sure whether it's kind of bitten or stung. Um, but I, uh, I'm feeling like slightly anxious that, uh, there's a bit of, I've got a bit of a, a rash on my arm where, i got stung. Um, and, I've, kind of. But yeah, as I say, I've got this difficulty breathing and potentially, um, there's a bit of swelling in my lips. My tongue feels a bit weird. Um, it was, just a few minutes ago. Yeah, it's just kind of on the right-hand side. Um, and it, and it's just a bit sore, maybe it hasn't kind of , fully swollen up yet. Yeah. Yeah . Right. I, I, I , I don't, feel like it's , like particularly acute, but i'm just kind of a bit anxious that it might get a bit worse. I don't, I just wanted to speak to someone. Uh, not that I know of. Uh, I haven't no. Um, I, , I, I find it difficult to tell the difference between a bee and a wasp, but um, , yeah it was one of the two. Yeah, it was on my arm. Uh, yeah sure. Um, it's just, just there. Mm-hmm. It's, it's slightly red, yeah and, and kind of there's, a bit of a, like a hole there, where I think that the wasp, stung me. Uh, . Not particularly. I, I guess it's just a bit kind of blotchy, uh, and a bit of a rash. It doesn't feel like, particularly swollen. Um. Not at the, not at the moment, no. Nothing, nothing yet. Um, I've, I've had eczema before. Um. , that's kind of the, the major thing, nothing, nothing really. Uh, I'm allergic to penicillin. Um, not that I think is, particularly relevant, no. I don't have, I don't have any. Uh, not that I know of, I've , yeah, I've been around dogs and cats, . No. Uh, yeah, uh, sometimes, occasionally. Um, no. No. Yes. Uh, I am a, uh, computer scientist. Yes. Um, I have a cat, at home. Yep. Yeah. Yup . Ah. Right. Yeah. Yeah. Yeah. OK. Uh, no, I think, I think that kind of, that makes me feel a bit better. I guess, can I get that um, can I get the, uh, so the antihistamine from any shop, or like does it pharmacy? OK. OK . OK. Great. Yeah . OK, great. Yeah, that makes sense. OK. Thanks. I appreciate your time. Bye bye, bye.","Hello. Good morning. Hi, how are you? Hello. Yeah, sure. My name is Juan Do and I'm 27 years old. So I was born in 1991, in 17th of May, I was... Yeah, yeah. Yeah, exactly. I'm kind of struggling with the breathing at the moment. I got stung by a lot recently, but I'm not sure whether it's hand-fitting or stung, but I'm feeling like slightly anxious that there's a bit of, I've got a bit of a rash on my arm where I put tongue and I kind of, yeah, as I said, I've got a little bit of ziplocid breathing and potentially there's a bit of swelling in my lip, the tongue feels a bit weird. It was just ",0.5292887029288703,-0.5685178114992169,0.3511786318487591,1.866720298676116,Non-Hallucination Error,no_hallucination,member_5,,primock_medical_noisy_labels.csv,,,,,/content/primock57/audio/day2_consultation06_patient.wav,0,3.3757383823394775,29.245870444887718,2.925929546356201,0.0,0.5426829268292683,164,0,1,0.5171598691446877
adversarial,adv_5683-32866-0023,ALL THE FURNITURE BELONGED TO OTHER TIMES,All the fractional norms are the same.,1.0,-1.0388978322347004,0.2509231269359588,0.8837209302325582,Hallucination Error,hallucination,member_4,,adversarial_labels (2).csv,,,,,,1,4.575299263000488,97.05708038432563,3.8609678745269775,0.0,0.8888888888888888,9,1,0,0.2763456498686711
commonvoice,ls_21,THEN THE POWERFUL TWIST THAT THRUST IT ASIDE IN AND UNDER THE GUARD,"Then the powerful twist that's rest of the side, in and under the guard.",1.076923077,-0.329305744,0.015908843,1.014084507,Hallucination Error,hallucination,mishr,,commonvoice_annotation_completed .csv,,,,,,1,5.730564117431641,308.1430482216234,3.4006049633026123,0.0,0.8823529411764706,17,1,0,0.27398076326055215
adversarial,adv_1089-134686-0015,BUT THE DUSK DEEPENING IN THE SCHOOLROOM COVERED OVER HIS THOUGHTS THE BELL RANG,"But the dust even in this room covered all the spots, the bell man.",1.0,-1.007083190114875,0.1268306225538253,1.0151515151515151,Hallucination Error,hallucination,member_4,,adversarial_labels (2).csv,,,,,,1,5.903702259063721,366.3914359631235,2.6938328742980957,0.0,0.875,16,1,0,0.2765940483141166
primock_medical_noisy,mednoisy_day4_consultation02_patient,"Hello. . Yes, I can hear fine. Uh, I am, uh, Patrick Smith. Uh, thirty five years old. Um, October, seventh. Uh. ninety , three something. Yes. Yes, we are. Yeah. It's, it's really affecting my work. Uh, uh, it comes and goes. Uh. Uh, I kind of, feel like, uh, it's, it's hard 'cause I, I , kinda lose my appetite. Also. Uh, one thing that's kinda weird is, I just sometimes also get like some, tingling in my arms. . And, like, especially if, for example when I, come into the elevator, in the morning. I , I can uh, of have, my heart is beating, kinda fast. Almost randomly like. Yeah, it's, it's, it's at different , times. , one time, one thing at a time. Uh, not really but, generally during, work times. I'm at work, I'm in a meeting, or on my laptop. Um, I can't say, so like, kind of over . , the headache? No, it's mostly in the front, and then yeah, it just kind of stays there. Yeah. , not, not, not really, but it's like, making it hard. I, yeah, I kind of feel a little bit nauseous maybe. Um. And sometimes I also feel like. Uh, yeah. It's like uh, maybe, probably, breathing or something. No . Uh, so. No, I, I feel like my, like, health situation was mostly under control. Yeah . But it , it started roughly when I changed jobs. I'm a lawyer. Yes. Not really. I get it, mostly when I'm, at work. Like fifty-fifty. I go to meetings and then uh, sit in front of a computer. There's a lot of reading. Um. , yeah, it happens then, yeah. Uh, no, I was a lawyer at previous job as well. Think it's, seven, or eight. Yeah, it's like, a law firm, like, there's always pressure. Yeah. Yes. Five pounds. It's not intentional, no. , not really, ah, no. No. Yeah. Both. No. Quick picking , yeah. Yeah. Uh, but like. I would say like, I get this like, feeling of, short , like, , short of breath, sometimes. So, like, that could be what, you we're, referring to. Yeah, no. Yes. Sorry, yeah. No. Yeah. I, I, when I like, it's maybe once a day, uh, maybe more. Uh. There's one more thing that I, I think I should mention, like, I do have like, some loss of libido at home. Same amount of time really, like, since I changed my job. Uh, well I have, hyperthyroidism. Thyroxine. Yes. Yes. Like, once a week, couple of glasses, of wine. No. No. . No. Yeah. Yeah. Yeah. Yeah. Yep. That sounds, uh, very good. Thank you. OK. . Yep . Yep. Yep. Thank you. Right . No, that was it. Thank you very much. Yep , bye.","Hello. Okay. Guess I can hear you fine. I am Patrick Smith. 35 years old. October 7th. October 7th. October 7th. October 7th. Uh... Like... Something. Yes. Yes, we are. Yeah, it's really affecting my work. It comes in and goes. I kind of feel like it's hard, I kind of lose my appetite also. One thing that's kind of weird is I sometimes also get like some tingling in my arms. And like especially for example when I come into the elevator in the morning, I kind of have my heart is beating kind of fast. Oh no, it's randomly like, yeah, it's a different times. What was roughly one time thing at a t",0.492600422832981,-0.5230201335452361,0.4619994880631566,1.2473843243002305,Non-Hallucination Error,no_hallucination,member_5,,primock_medical_noisy_labels.csv,,,,,/content/primock57/audio/day4_consultation02_patient.wav,0,3.627707004547119,37.62644036818227,3.1025807857513428,0.0,0.551948051948052,154,0,1,0.5100230573928368
primock_medical_noisy,mednoisy_day1_consultation11_patient,"Hello? Hello. Uh I can hear you, but I can't really see you. Is, is that OK? Am I meant to Just connection on the screen. OK. Um so, um my name is uh Dan Choudhry. I am seven, twenty seven. Um so I've just um, been having some troubles, basically in the uh, I guess it's been a little while now. And I've just been feeling not so great. And It's all come from like, uh it's like basically I think it's diarrhoea. And it's like just coming out, like loads of it. Like I go to the toilet and it's just super watery and it Yeah it doesn't feel very solid. It so, it just, it's just pouring straight from my bum, and like just coming out. And it's, uh, Yeah it's just uh not, not been very pleasant. And like I just, it just kind of hasn't, doesn't feel like it's getting better. So Um, so I think it was a few, when I think about it So Monday, Tuesday, I I, so I think it was about three, it's been about three days now. Um so I , I feel like it's like almost every hour, when I'm awake. Um, so . Sorry? Yeah, so I mean I'm , I'm trying to drink a lot of water. But um, yeah it's just quite a lot and Uh it's, yeah I I, I think I I feel like it's just, just fluids coming out. Um So I, no I don't, I don't remember anything, like, no I , I think it's just I, nothing like that. There's nothing like that. Yeah. I mean I, it, I feel, I feel a cramp . and then, and then I know it's time to go right? So, around every hour I just feel something come up. And then I have to go. So, yeah I mean that's, that's the , kind of the first sign. It's kind of, . If I think about it, it's like, it's like at the bottom. Uh, I don't know if that makes sense. Um Um I I think it it , it feels pretty , like in the middle, to me. Not on any side, left or right. Um, it it comes and goes. It comes and goes. OK so like Um So What do you mean by, uh pain? So I, I think it's maybe a I I guess so. I'm, when I think about it, like when I get it, I can pretend that I don't feel it. So I can still sit down and Uh I can still like cover it up, and people don't really notice. So I, I don't know what that means. But maybe is that like a six, or a seven? OK . Um, yeah I definitely, I definitely feel kind of nauseous. Um Like I and, like I've have vomited. And when I like, I think it's maybe something to do with like, whenever I have like milk or something like that, I just feel like I want to vomit. And actually, yeah one time I just like had some milk, and I just completely vomited it. Um, I've been , I've been trying to avoid it. But um, yeah. Um, sorry could you repeat that? Uh no, no it's not. Um so I, yeah I think I am pretty, I feel kind of really hot all the time. And uh I'm pretty sure I'm burning up. I haven't actually done any temperature reading, or anything like that. But it's, I, yeah I've, I've sure I'm, I'm not a, like not a normal temperature. Um yeah a bit, I guess less frequently maybe. Um but yeah, it seems to be OK. Um so I , so my um my brother has had, actually had something like this for um he has it as well for five days, as well. Um and I I've, I'm not, yeah I I can't think of what, what the trigger is for me. I mean, my brother normally can deal, deals with this stuff a lot better than me. But , yeah I, that's why Um He, so he's been like this for five days. I think he's getting better, but I'm not, I'm not really sure. He said, he said he had, he's had something for a little while as well. Um so it just feels like the, the fluids do go down. But it just feels like it's going straight through. It just feels like it's going straight through. Um so, I had some, I mean I had some lunch today. Um But again it just it just came, come out pretty loose. Um, so I um, yeah I think, I think otherwise I'm fit and well. I um Yeah I mean I, I'm an OK weight. And um, I I can't think of any related medical history. Um, I mean like my, yeah I no I I don't think so. So I Um No I mean I, I've been taking some like Paracetamols and stuff like that lately. But uh, I haven't been, I'm not on any regular medication or anything like that. Um, so I don't have any allergies that I know of. Um bowel, so would, would bowel like, is is the colon like something that So my, yeah my, my dad actually has um colon cancer at the moment. So um, from what I heard he's kind of, So I don't I don't speak to him that often. So I don't, I don't know the exact details. And I, I don't exactly know the full things of like the steps of cancer, and all that kind of thing. But um, he's sort of in his third stage. Uh, I'm not sure what that means exactly. Um, and yeah. So yeah it's, it's um, he's, yeah you can, yeah I can see he's kind of weaker, and it's affecting him a lot. And um, that's it's quite, I I guess he's um, had it for a little while now. Um so, uh not my brother. He doesn't live with me. I'm, I live with my, um sister and my mum. Um, I think, I mean in what sense do you mean that? I mean uh I think uh, yeah it's been, it's been tricky. Um Going to work with all of this. Um I dislike um, taking time off work. I feel like I I just want to go, um when I can. So I I try and go um I think at, at home, uh yeah I just haven't really um I I don't normally actually um, eat with my family. I normally am buying stuff and that kind of thing. So, I don't think it's affected them. And I haven't really been, haven't really gone into detail with my sister and my mom about it. Um Yeah. I'd, I'd just rather deal with these things. Um so Um So I work at a, I I work at um an office, um in Central London. Um it's uh, so I work in government. Um so I I smoke um, I smoke uh, uh for like socially, but not like regularly. Um So normally if if it's a, a Friday or something like that I might, I might have a cigarette or something like that. But um not . Sorry? So alcohol, um uh you know I might have a a beer during the weekdays, maybe uh not that many, maybe um . On Fridays I have more um alcohol um But yeah uh, I'll have my units um Uh, honest, I suppose um, not every week, but maybe I'll once or twice a month, that yeah, I'll go out with my friends and drink a lot so that that's um, yeah um OK. OK. Uh-huh. Should I just drink like normal water? I just feel like every time I drink it's just coming out. Um Do i need like a prescription for that? OK. OK. OK. So you're saying that I should, I could, uh I'll try and buy this Dioralyte. What, what should I do in terms of um, food and that kind of thing? Should I just focus on fluids? OK. Is it OK for me to carry on having like, um Paracetamol and things like that? OK. Uh, OK I'll try. Yeah. OK. Alright. Thank you very much. Thanks, thanks for helping me out. K. Bye.","Hello? Hello? I can't hear you, but I can't really see you. Is that okay? I meant to just It's a different connection on the screen. OK. So my name is Dan Chowdhury. I am 27. So I've just been having some troubles. Basically, I guess it's been a little while now, and I've just been feeling not so great and it's all come from like, it's like basically I think it's diarrhea and it's like just coming out like loads of it. Like I go to the toilet and it's just superb, watery and yeah, it doesn't feel very solid. It's just pouring straight from my bum and like just coming out and it's yeah, it's ju",0.3868458274398868,-0.3821574234619533,0.316582086708462,1.4124049420388436,Non-Hallucination Error,no_hallucination,member_5,,primock_medical_noisy_labels.csv,,,,,/content/primock57/audio/day1_consultation11_patient.wav,0,3.5005617141723633,33.134058602700314,2.87432599067688,0.0,0.5194805194805194,154,0,1,0.5340823449341736
librispeech_fallback,ls_0043__pink_10dB,HE HAS GONE AND GONE FOR GOOD ANSWERED POLYCHROME WHO HAD MANAGED TO SQUEEZE INTO THE ROOM BESIDE THE DRAGON AND HAD WITNESSED THE OCCURRENCES WITH MUCH INTEREST,"He has gone, and gone for good,"" answered Polychrome, who had managed to squeeze into the room beside the dragon, and had witnessed the occurrences with much interest.",1.0,-0.147774684719923,0.0047488003037869,1.3577235772357723,Hallucination Error,hallucination,,,librispeech_annotation_noisy.csv,,unknown,pink,10.0,,1,4.798722267150879,121.35525881355734,2.9871699810028076,0.0,0.7941176470588235,34,1,0,0.3347751556479786
commonvoice,ls_14,LINNELL'S PICTURES ARE A SORT OF UP GUARDS AND AT EM PAINTINGS AND MASON'S EXQUISITE IDYLLS ARE AS NATIONAL AS A JINGO POEM MISTER BIRKET FOSTER'S LANDSCAPES SMILE AT ONE MUCH IN THE SAME WAY THAT MISTER CARKER USED TO FLASH HIS TEETH AND MISTER JOHN COLLIER GIVES HIS SITTER A CHEERFUL SLAP ON THE BACK BEFORE HE SAYS LIKE A SHAMPOOER IN A TURKISH BATH NEXT MAN,"Linnell's pictures are a sort of Up Guards and Adam paintings, and Mason's exquisite idles are as national as a jingle poem. Mr. Birkut Foster's landscapes smile at one much in the same way that Mr. Carker used to flash his teeth. And Mr. John Collier gives his sitter a cheerful slap on the back, before he says, like a shampoo and a Turkish bath. Next man!",1.0,-0.354710714,0.010752319,1.260600677,Hallucination Error,hallucination,mishr,,commonvoice_annotation_completed .csv,,,,,,1,5.1453351974487305,171.62900463473278,3.6738317012786865,0.0,0.7666666666666667,90,1,0,0.35135227859047763
adversarial,adv_8230-279154-0041,THE DEFINITION OF MY EXPERIENCE IS DIFFICULT BROADLY SPEAKING IT IS EVERYTHING THAT IS CONNECTED WITH WHAT I AM EXPERIENCING NOW BY CERTAIN LINKS OF WHICH THE VARIOUS FORMS OF MEMORY ARE AMONG THE MOST IMPORTANT,The definition of my experience is difficult. Longest reason is everything that's been acted with what I'm experiencing now by certain of which the various ones I've never heard on the most important.,1.0,-0.5017849880716075,0.1219553798437118,1.3888888888888886,Hallucination Error,hallucination,member_4,,adversarial_labels (2).csv,,,,,,1,5.276674747467041,195.71798038476643,3.0185680389404297,0.0,0.8717948717948718,39,1,0,0.28357695722884996
